0.157,653,27.7,392,0.385,88.7,0.0113,552,0.0143,0.315,0.0076,640,935,0.154,11.1,698,1.34,8.15,0.0019,0.0031,1.03,0.316,0.219,64.1,2.54,1.07,1.8,28.7,627,215,0.289,3.72,0.157,533,22.6,0.071,0.269,462,2.05,1.5,8,0.0486,0.0069,11.6,0.541,0.0605,0.0021,39.2,348,0.0615,0,151,9.55,0.0619,39.1,0.0119,186,0.0035,34,0.0017,2.29,0.0042,203,4.67,31.8,0.687,0.234,0.0379,118,0.0507,2.69,0.0087,0.332,1.8,357,0.116,0.0023,14.2,0.0721,0.0078,0.0764,184,204,0.0783,0.216,70,7.52,2.88,0.124,166,1.23,0.0105,3.07,210,0.0101,16.8,0.0519,0.191,1.27,80.9,0.0023,0.0522,597,0.573,1.97,3.58,43.8,849,0.006,0.0119,71.9,12.1,4.46,3.77,141,0.511,281,0.348,0.0991,0.0841,0.175,23.1,0.0343,0.212,578,0.0019,4.92,0.515,552,43.2,323,405,0.0015,0.649,0.001,1.32,69.2,2.98,4.29,0.0796,0.229,1,1,100,2000,2000,100000,0,1,0.05,100000,0,100000,0,100000,0,100000,0,100000,0,100000,0,100000,0,100000,0,100000,0,100000,0,100000,0,100000,0,100000,0,100000,0,100000,0,100000,0,100000,0,100000,0,100000,0,100000,0,100000,0,100000,0,100000,0,100000,0
0.169,462,111,0.0331,0.0883,112,0.0187,2.4,0.44,0.0061,0.0086,284,83.8,0.0401,0.0128,0.372,1.41,50.2,1.29,2.4,10.9,25.7,2.72,11.9,0.244,562,49,35.8,904,18.2,173,5.07,14.9,3.16,0.0185,3.26,135,12.9,21.4,0.0109,15.1,73.6,607,0.271,4.41,0.995,116,7.66,277,0.0133,0,146,0.344,16.8,64.9,290,1.08,0.0288,959,0.124,10.8,0.0181,581,143,3.81,18.2,65.3,0.0055,0.982,0.116,2.43,5.56,5.15,0.0025,176,0.0183,0.0101,272,110,23.3,0.631,0.923,40.5,498,51.4,69,5.96,569,0.0486,0.0119,2.45,407,0.0015,957,962,5.14,0.0875,0.0597,0.364,0.0099,7.08,17.8,4.9,0.0088,0.67,123,0.0944,0.0028,82.6,25.2,607,57.8,0.205,0.0241,0.832,0.0242,166,0.215,19.4,40.2,0.317,0.0116,0.003,0.159,0.0135,3.75,119,344,13.4,2.14,0.131,0.0231,45.5,0.0066,2.16,899,0.0055,42,258,0.542,14.7,1,1,100,2000,2000,100000,0,1,0.05,100000,0,100000,0,100000,0,100000,0,100000,0,100000,0,100000,0,100000,0,100000,0,100000,0,100000,0,100000,0,100000,0,100000,0,100000,0,100000,0,100000,0,100000,0,100000,0,100000,0,100000,0,100000,0,100000,0,100000,0
0.175,5.15,0.246,2.43,7.48,2.48,0.239,560,0.0451,407,2,2.01,449,0.145,0.135,0.773,973,0.0079,7.82,0.222,4.17,83.9,0.329,6.25,0.0074,1.46,0.0063,433,104,2.53,53,551,9.53,4.42,0.108,20.9,0.297,0.0014,316,380,6.98,0.0116,0.324,87.3,0.0341,0.286,0.0126,0.0294,0.0357,0.0148,0,2.43,6.68,205,269,832,0.486,0.0255,0.0059,0.0122,22.1,212,0.195,1.26,0.0126,0.391,0.0103,8.93,0.0084,34.4,670,94.6,0.755,485,14.1,2.96,753,0.0238,0.0151,0.0962,0.151,83.2,752,1.3,0.804,0.701,26.7,0.0018,275,0.426,4.21,893,0.834,957,0.144,39.3,1.87,222,653,17,16.9,93.3,13.1,805,0.977,26.4,0.159,2.4,277,75.3,1.29,66.7,6.25,21.4,0.103,124,0.0017,37.7,0.273,0.156,863,0.0164,0.0062,1.36,0.0024,869,0.164,2.31,66.7,6.4,0.0966,0.288,2.2,2.92,175,23.4,2.97,17.9,0.622,0.431,0.07,1,1,100,2000,2000,100000,0,1,0.05,100000,0,100000,0,100000,0,100000,0,100000,0,100000,0,100000,0,100000,0,100000,0,100000,0,100000,0,100000,0,100000,0,100000,0,100000,0,100000,0,100000,0,100000,0,100000,0,100000,0,100000,0,100000,0,100000,0,100000,0
0.176,843,0.0183,658,0.0625,344,0.0143,785,4.75,1.71,14,605,977,1.12,0.014,893,0.0013,1.84,57.1,0.711,0.0463,6.71,0.59,0.041,0.284,933,1.17,0.0195,0.0857,0.035,36.9,973,19.6,885,112,535,0.0592,0.0914,3.4,2.06,0.0012,1.38,0.0311,0.59,507,0.0832,178,0.133,276,25.1,0,39,32.9,40.6,0.0467,11.9,316,0.0054,71.1,1.48,0.0018,1.09,0.0378,105,0.83,0.986,1.4,3.33,0.422,18.5,0.0019,150,635,248,0.0263,173,212,0.0017,0.0092,536,255,406,578,90.6,0.0069,0.0011,53.3,4.66,41.5,724,1.98,2.25,5.2,764,0.0181,0.0086,90.2,3.15,82.2,0.0242,4.68,0.0084,15.5,0.0059,49.2,0.0041,203,989,953,0.53,0.743,0.0337,0.212,0.172,173,0.348,12.4,0.49,18.3,32,51.5,11.3,13.7,0.129,0.02,0.0589,0.296,670,1.1,7.48,0.0338,0.0314,2.13,3.93,0.22,0.468,41,3.73,80.9,21,0.614,1,1,100,2000,2000,100000,0,1,0.05,100000,0,100000,0,100000,0,100000,0,100000,0,100000,0,100000,0,100000,0,100000,0,100000,0,100000,0,100000,0,100000,0,100000,0,100000,0,100000,0,100000,0,100000,0,100000,0,100000,0,100000,0,100000,0,100000,0,100000,0
0.181,29.1,58.2,0.0122,0.644,0.0068,5.57,0.384,6.49,33.2,2.85,1.5,31.6,21.4,0.325,34.3,0.853,57.8,37,3.84,46.3,0.129,0.385,1.46,0.0144,2.1,17.7,0.0043,105,77.4,1.2,4.36,995,0.0027,0.0612,4.63,0.0413,1.06,0.184,0.0434,45,1.82,0.008,0.0718,0.561,0.003,137,1.7,320,0.0022,0,24.9,3.76,0.0303,242,0.0027,558,0.0128,0.0039,33.4,0.103,1.65,3.21,82.4,0.0646,5.3,0.0407,0.0317,0.112,138,0.0883,0.34,0.122,17.7,4.65,60.1,0.332,0.869,106,149,0.0527,0.237,135,0.0084,14.8,1.57,0.0465,292,154,1.57,1.01,2.25,58.9,63.5,0.0407,119,0.014,530,7.19,0.449,6.04,295,275,52.8,893,23.3,456,331,18.7,0.283,2.01,0.0303,9.14,144,1.01,0.0436,0.171,0.0566,0.0084,4.55,4.98,1000,107,123,0.25,0.0138,73.5,225,134,35.2,0.161,0.0518,53,3.99,0.199,746,0.133,3.89,1.01,0.193,0.111,1,1,100,2000,2000,100000,0,1,0.05,100000,0,100000,0,100000,0,100000,0,100000,0,100000,0,100000,0,100000,0,100000,0,100000,0,100000,0,100000,0,100000,0,100000,0,100000,0,100000,0,100000,0,100000,0,100000,0,100000,0,100000,0,100000,0,100000,0,100000,0
0.184,20.5,145,0.0973,0.0032,344,0.0076,49.2,0.0301,1.16,0.0643,0.0557,6.08,0.0614,0.0024,0.0013,14.7,187,85.3,59.8,0.0317,372,0.69,6.22,4.89,0.746,0.0499,0.0132,5.12,0.946,63.2,0.0705,22,0.002,0.0072,5.9,7.03,647,2.04,2.03,5.85,0.163,203,0.108,5.98,8.53,0.0222,0.295,46.2,0.329,0,998,0.0807,0.0367,7.53,58.2,3.38,0.0859,14.3,30.1,1.07,71.9,542,42.7,16.4,1.92,213,90.8,168,5.01,2.65,222,33.7,0.632,0.0443,0.0043,91.4,0.0087,0.182,0.729,0.356,0.0406,142,39.7,0.716,193,74.1,61.8,0.245,10.5,403,388,0.177,257,0.004,89.3,0.0022,0.0423,2.28,10.8,0.0015,133,28,0.26,54.8,1.16,36.6,0.0291,218,0.701,0.221,0.112,76,3.37,267,124,873,0.0711,23.5,0.0022,0.0086,0.0167,0.0153,64.3,682,0.0032,6.62,0.0029,76.2,76.6,0.434,18.2,75.2,3.78,193,519,19.7,0.0118,12.9,0.482,0.0419,1,1,100,2000,2000,100000,0,1,0.05,100000,0,100000,0,100000,0,100000,0,100000,0,100000,0,100000,0,100000,0,100000,0,100000,0,100000,0,100000,0,100000,0,100000,0,100000,0,100000,0,100000,0,100000,0,100000,0,100000,0,100000,0,100000,0,100000,0,100000,0
0.184,0.255,272,159,2.08,41.3,0.0849,548,0.692,111,33.6,29,155,31.6,2.98,12.1,0.53,9.77,0.518,585,108,0.494,1.6,18.7,9.31,55.6,0.0274,0.0017,10.8,1.1,0.0356,459,0.0714,87.1,0.0029,0.0631,12.4,1.39,638,162,312,989,0.0059,0.006,0.144,13.3,0.0867,0.0016,302,1.53,0,131,0.0811,0.226,2.62,81.8,0.577,0.234,0.5,0.0338,11.4,188,85.1,10.6,330,388,65,72.8,1.25,6.67,0.0783,406,1.28,8.53,42.3,112,0.312,0.0242,0.0526,2.95,190,0.0075,7.1,0.0154,0.0973,0.273,4.91,305,5.16,0.0018,12.1,0.114,0.0769,80,0.158,0.0021,9.62,446,163,6.59,0.0096,2.87,8.39,0.0086,12.4,189,169,40.6,114,67.6,8.38,16.8,5.94,82.2,207,3.85,953,1.03,200,521,0.877,0.258,5.13,6.87,4.06,19.7,95.1,116,0.869,0.141,50.2,0.006,45,6.1,179,35.2,1.86,0.0121,69.5,0.0045,56.9,1,1,100,2000,2000,100000,0,1,0.05,100000,0,100000,0,100000,0,100000,0,100000,0,100000,0,100000,0,100000,0,100000,0,100000,0,100000,0,100000,0,100000,0,100000,0,100000,0,100000,0,100000,0,100000,0,100000,0,100000,0,100000,0,100000,0,100000,0,100000,0
0.185,0.0805,0.0025,587,8.53,935,0.0016,6.01,0.0077,36.9,0.492,3.17,17,0.0242,0.201,202,601,177,3.29,120,3.87,1.12,0.127,157,0.0289,0.0278,0.418,0.0255,1.1,0.0108,0.0052,11.8,20.9,0.0413,8.28,184,0.275,70.5,984,56.9,0.192,16.4,52.1,54.6,0.0024,44.7,0.0776,0.0051,50.9,0.0012,0,0.675,12.8,0.167,13.4,0.228,0.571,2.94,0.562,0.0013,0.0839,2.38,0.225,655,0.984,542,14.9,0.228,0.0051,0.0016,706,240,441,51.1,16.6,2.38,0.0151,0.0151,813,0.14,0.0282,2.99,0.0863,1.04,650,128,1.59,0.038,6.49,3.19,11.9,55.3,0.156,0.0766,188,0.0017,0.0049,957,35.4,0.1,3.34,3.46,991,0.0033,10.6,0.0092,3.98,0.0248,1.87,11,2.89,865,0.315,0.0114,0.247,612,230,10.2,6.27,3.95,0.178,0.412,168,35.1,234,0.482,578,0.153,695,10.8,51.6,0.0026,0.0619,861,114,356,0.102,0.0682,95.5,0.0079,603,1,1,100,2000,2000,100000,0,1,0.05,100000,0,100000,0,100000,0,100000,0,100000,0,100000,0,100000,0,100000,0,100000,0,100000,0,100000,0,100000,0,100000,0,100000,0,100000,0,100000,0,100000,0,100000,0,100000,0,100000,0,100000,0,100000,0,100000,0,100000,0
0.186,0.706,2.85,28.8,3.63,40.2,22.5,25.1,0.223,0.202,0.0693,863,0.126,0.853,10.8,0.257,977,0.0318,29.3,574,149,85.3,0.009,0.514,133,0.515,0.033,0.336,0.638,0.001,8.53,0.676,0.285,122,1.13,167,0.131,675,34.3,354,0.0526,0.0079,0.322,82.2,8.95,1.61,4.61,17.2,865,2.5,0,188,0.532,0.116,192,1.23,0.0188,0.023,545,798,0.114,0.002,991,169,719,234,0.111,0.0061,0.05,0.655,1.29,0.0077,163,30.1,0.0442,17,910,0.0957,0.024,1.32,2.6,178,25.6,3.91,200,0.0024,1.82,220,0.0068,377,73.6,0.828,12.8,7.96,564,0.195,0.0028,230,0.103,8.36,0.0902,5.69,98.4,11.1,0.341,0.123,7.35,0.0695,979,0.0522,104,458,0.0074,0.0044,2.99,1.69,0.0133,793,0.0378,0.324,28.1,377,432,3.61,0.252,340,4.34,0.0212,5.21,3.87,0.32,0.916,1.24,74.6,89.1,155,568,0.167,789,0.3,3.02,1,1,100,2000,2000,100000,0,1,0.05,100000,0,100000,0,100000,0,100000,0,100000,0,100000,0,100000,0,100000,0,100000,0,100000,0,100000,0,100000,0,100000,0,100000,0,100000,0,100000,0,100000,0,100000,0,100000,0,100000,0,100000,0,100000,0,100000,0,100000,0
0.188,0.74,2.4,2.13,740,0.0073,25,0.0745,0.0054,0.861,0.0215,3.98,409,1.01,102,21.3,0.259,15.1,0.0452,51.9,984,1.32,0.269,23.2,8.04,32.3,2.34,1.27,1.44,2,0.78,206,0.752,0.0032,0.0038,0.0118,0.261,4.32,832,5.78,0.186,0.0104,1.6,102,461,23.9,11.9,170,0.0017,0.0021,0,436,0.0013,3.87,1.96,0.205,61,0.0076,0.453,10.5,1.04,10.9,330,58.7,664,0.458,0.149,159,0.273,0.0047,16,32.4,684,0.015,7.14,0.659,0.0014,0.0087,2.08,0.0028,0.0024,0.0066,0.031,0.0637,140,0.0014,0.0899,4.83,0.0181,581,0.138,484,0.009,1.18,220,15.9,3.72,29.6,42.1,1.16,0.0568,22.4,0.015,0.0096,6.53,9.04,182,0.338,163,4.56,8.45,0.0121,0.356,0.0467,15.2,0.839,19.7,9.25,0.0012,0.661,0.0729,0.0197,60,435,7.1,1.46,0.132,582,45.5,51.5,0.0092,325,361,0.0051,507,881,0.0256,4.57,9.16,0.0685,23.9,1,1,100,2000,2000,100000,0,1,0.05,100000,0,100000,0,100000,0,100000,0,100000,0,100000,0,100000,0,100000,0,100000,0,100000,0,100000,0,100000,0,100000,0,100000,0,100000,0,100000,0,100000,0,100000,0,100000,0,100000,0,100000,0,100000,0,100000,0,100000,0
0.188,0.012,26.5,75,0.389,1.46,0.125,1.93,99.5,0.421,0.116,828,17.9,0.545,2.18,26.8,1.69,0.0267,0.0038,465,0.471,46.3,0.0778,0.119,140,0.273,0.0335,154,309,7.6,189,2.88,2.06,192,137,14.4,25.2,10.5,682,0.203,0.249,0.0362,0.0216,368,0.196,12.1,9.1,73.6,103,18.5,0,757,0.169,957,0.0697,412,9.64,0.0117,0.247,0.0152,0.0072,0.0018,1.11,695,0.0041,0.47,43.5,1.69,37.5,0.0329,4.14,1.13,1.24,33.9,0.655,0.552,0.244,43,1.89,0.641,0.771,0.0088,0.11,39.1,3.98,0.0385,0.31,4.02,0.0396,0.0033,16.8,4.31,28,261,0.753,0.0388,1.64,132,56.9,49.5,0.121,724,5.66,0.593,957,128,637,0.169,379,0.0486,0.0551,0.102,0.0024,0.0026,0.0027,12.8,608,55.5,0.006,4.58,1.05,481,0.366,0.144,0.0585,0.0034,2.5,0.0124,429,49.4,2.08,873,0.003,64.7,0.857,0.0436,0.391,675,440,0.27,19.9,1,1,100,2000,2000,100000,0,1,0.05,100000,0,100000,0,100000,0,100000,0,100000,0,100000,0,100000,0,100000,0,100000,0,100000,0,100000,0,100000,0,100000,0,100000,0,100000,0,100000,0,100000,0,100000,0,100000,0,100000,0,100000,0,100000,0,100000,0,100000,0
0.188,910,0.0068,0.625,0.0011,0.0444,233,0.277,4.37,338,0.0247,929,275,0.0049,0.119,33,0.0867,780,0.188,0.345,0.0086,16.5,1.16,61.7,0.714,62.1,0.0258,8.57,385,209,726,3.22,0.904,0.0859,4.31,1.09,5.55,0.0548,254,22.2,8.17,0.0026,1.05,7.35,0.46,0.0389,0.176,1.88,1.18,418,0,537,0.311,0.0541,70.1,7.83,0.0327,0.14,3.52,8.38,1.07,19.4,60.4,1.85,0.0333,13,0.0064,11,582,11.8,0.0365,0.0085,0.516,0.0038,41.4,0.0581,0.0259,818,178,0.169,0.0238,84.1,0.573,360,2.21,27.4,0.489,0.0991,27.9,0.646,183,0.116,383,10.5,463,417,14.3,785,625,4.12,148,0.0451,372,0.378,0.0025,4.92,0.463,492,16.3,3.09,0.0046,859,4.26,0.0081,0.0027,813,0.0076,24.7,0.0028,0.0184,5.97,57.4,0.0385,0.0031,13.1,0.0465,0.384,3.22,23.3,7.62,0.0043,0.986,30.4,22.4,0.0075,36.6,0.0014,993,1.41,2.07,0.0491,1,1,100,2000,2000,100000,0,1,0.05,100000,0,100000,0,100000,0,100000,0,100000,0,100000,0,100000,0,100000,0,100000,0,100000,0,100000,0,100000,0,100000,0,100000,0,100000,0,100000,0,100000,0,100000,0,100000,0,100000,0,100000,0,100000,0,100000,0,100000,0
0.191,957,68.2,162,30.8,757,0.0555,0.0957,0.0774,0.009,55.8,871,458,44.8,0.0044,0.809,0.0219,3.13,10.9,279,0.0401,0.107,20.1,409,0.281,3.22,20.9,46.2,948,5.37,1.29,0.0089,3.66,2.77,0.0194,276,24.9,457,20,105,0.0036,566,0.372,36.2,897,79.1,143,0.125,3.18,0.0112,0,183,3.97,1.06,46.6,68.4,0.163,0.0012,3.68,0.01,0.0141,36.1,982,1.25,4.89,4.54,0.166,522,0.003,150,0.247,0.834,0.0071,710,385,0.0451,0.0363,11.5,0.0025,0.193,0.0246,0.0046,0.574,437,1.06,0.003,135,21.3,32.6,19.3,10.9,32.4,20.4,0.149,548,10.2,0.0089,0.14,1.91,19.1,0.664,716,168,2.05,87.7,5.85,12.7,0.138,57.7,916,2.41,37.2,845,0.0158,0.855,0.0617,0.303,1,0.101,0.0457,0.179,562,0.0015,92.5,3.96,366,220,0.0027,32.1,27.9,3.82,310,984,0.346,201,2.87,0.38,4.07,154,0.0504,0.0839,1,1,100,2000,2000,100000,0,1,0.05,100000,0,100000,0,100000,0,100000,0,100000,0,100000,0,100000,0,100000,0,100000,0,100000,0,100000,0,100000,0,100000,0,100000,0,100000,0,100000,0,100000,0,100000,0,100000,0,100000,0,100000,0,100000,0,100000,0,100000,0
0.191,621,0.0022,0.147,146,0.232,30.3,3.23,0.076,0.0096,1.9,356,22.7,0.006,0.0027,0.0142,18.1,350,0.215,4.62,0.115,205,0.0553,5.19,0.19,782,834,0.003,15.6,30.8,0.0198,18.2,664,1.08,0.0869,0.004,0.0242,8.26,951,0.0069,716,459,1.41,0.0037,475,204,0.0557,0.0624,152,0.136,0,182,127,2.34,0.61,3.64,0.44,5.18,24,590,0.0251,370,212,0.394,6.76,0.676,51.8,16.3,10.9,46.1,0.0032,0.373,37.3,6.67,0.115,0.533,640,0.0024,164,344,0.0063,0.436,0.515,192,6.28,145,0.0256,28.3,17.5,0.0016,684,0.0352,48.3,111,5.42,7.19,26.2,21.1,6.76,0.0054,0.537,0.668,0.204,2.51,0.011,0.0221,0.598,266,270,479,156,597,139,34.4,0.0015,0.473,8.55,0.19,0.0026,429,187,51.2,14.1,2.07,45.2,0.0058,0.004,0.0498,3.51,9.29,0.0673,153,904,97.3,0.038,0.0698,440,232,8.41,0.0282,146,1,1,100,2000,2000,100000,0,1,0.05,100000,0,100000,0,100000,0,100000,0,100000,0,100000,0,100000,0,100000,0,100000,0,100000,0,100000,0,100000,0,100000,0,100000,0,100000,0,100000,0,100000,0,100000,0,100000,0,100000,0,100000,0,100000,0,100000,0,100000,0
0.191,42.3,0.31,493,9.2,557,117,119,2.55,0.067,0.0308,319,1.88,0.0295,0.0071,0.209,206,21.4,1.64,98.4,0.413,2.26,0.0116,4.24,425,0.241,0.274,0.0022,0.454,851,11.1,314,237,0.0543,0.0063,0.0033,0.315,0.0502,2.98,1.66,0.634,0.0026,12.1,1.44,0.0152,0.478,0.0079,0.0024,114,1.19,0,9.91,0.121,20.8,0.237,408,42.2,173,0.114,0.203,3.86,0.0095,23.9,358,14.1,2.82,0.187,0.0032,14.7,191,9.4,2.02,211,0.0458,973,479,0.0206,0.0326,26.1,0.841,122,0.368,51.9,0.942,48,50.2,87.7,97.5,0.167,1.17,59.2,334,0.0252,3.16,50.4,0.658,0.0072,916,1.24,0.0037,1.76,807,0.016,0.424,0.575,0.0395,68.7,0.0426,0.5,18.4,380,0.0165,94.6,0.641,0.0187,29.2,0.0177,0.0086,18.4,9.38,0.128,0.813,6.95,75.3,2.2,0.895,2.64,0.0192,21.4,42.1,3.14,577,102,0.0058,564,249,1.61,0.925,0.634,0.0208,0.315,1,1,100,2000,2000,100000,0,1,0.05,100000,0,100000,0,100000,0,100000,0,100000,0,100000,0,100000,0,100000,0,100000,0,100000,0,100000,0,100000,0,100000,0,100000,0,100000,0,100000,0,100000,0,100000,0,100000,0,100000,0,100000,0,100000,0,100000,0,100000,0
0.191,0.0236,678,5.51,58.7,423,3.75,81.7,0.0899,953,0.33,0.0411,0.745,3.22,0.867,7.71,88.7,807,350,2.73,0.132,67.6,0.0149,1.44,26.1,1.92,1.26,556,1.9,0.014,350,256,29.4,1.14,0.0181,0.0039,0.067,119,21.4,54.5,802,0.0766,0.208,402,0.0035,2.42,0.0037,482,114,0.0032,0,310,357,0.01,186,2.41,0.203,0.0203,1.22,0.764,0.357,55.2,1.26,6.59,0.0014,1.01,137,6.47,26.7,352,9.44,105,7.55,340,0.187,55.2,0.296,133,0.0314,0.0641,6.11,2.61,5.15,28.4,198,0.0571,0.0021,7.46,4.03,95.1,2.05,0.009,0.0185,37.6,0.217,95.7,0.111,0.428,306,0.0043,0.122,0.0361,0.0086,0.0493,0.0682,2.13,355,0.986,1.89,93.5,614,0.0105,0.0551,0.0057,0.021,0.0282,0.0292,0.012,0.0189,0.0396,54.8,891,479,0.048,689,0.0122,0.0019,0.0867,87.3,32.2,0.815,0.0026,25.1,1.77,44,8.79,453,242,0.125,2.79,0.0515,1,1,100,2000,2000,100000,0,1,0.05,100000,0,100000,0,100000,0,100000,0,100000,0,100000,0,100000,0,100000,0,100000,0,100000,0,100000,0,100000,0,100000,0,100000,0,100000,0,100000,0,100000,0,100000,0,100000,0,100000,0,100000,0,100000,0,100000,0,100000,0
0.192,367,0.211,0.272,0.0682,6.97,0.0581,0.0016,0.0356,140,0.0162,82.8,646,0.0016,177,295,0.867,288,142,2.38,0.0818,0.0701,1.91,0.526,23,483,150,30.2,69.5,6.64,56,0.0051,1.47,0.0123,5.33,478,1.92,136,85.3,0.0991,9.46,6.08,0.108,1.49,9.62,0.962,0.0255,560,0.0875,0.0458,0,828,295,991,2.01,2.59,0.0022,0.0349,372,3.08,0.0767,0.271,114,11.7,6.03,281,5.73,0.0057,207,45.5,1.52,48,0.206,284,57.4,0.0118,0.0037,0.893,115,0.001,0.151,0.0436,97.9,0.0011,0.0204,0.0147,0.67,169,0.0022,14.3,0.42,0.132,36.3,188,4.12,0.0037,0.0214,70.3,0.813,12.4,0.02,3.03,382,0.0014,0.0111,7.93,0.977,0.0933,28.2,1.79,998,1.97,76,0.044,16.7,0.74,0.0023,0.946,0.0044,402,0.0067,0.0632,19.5,0.0061,0.103,288,0.57,0.0078,26.1,4.1,97.9,577,258,1.72,3.41,102,0.017,3.29,32.6,0.37,1.18,1,1,100,2000,2000,100000,0,1,0.05,100000,0,100000,0,100000,0,100000,0,100000,0,100000,0,100000,0,100000,0,100000,0,100000,0,100000,0,100000,0,100000,0,100000,0,100000,0,100000,0,100000,0,100000,0,100000,0,100000,0,100000,0,100000,0,100000,0,100000,0
0.193,271,0.0106,39.7,11.3,522,154,62.1,0.229,361,15.6,0.154,697,0.0207,0.433,76.4,37,14.3,226,32.4,210,12.4,34.1,998,363,79.6,0.0075,2.1,121,0.0024,0.119,813,0.309,904,0.0662,22.5,1.28,484,560,0.0086,4.43,0.0158,76.2,282,5.6,0.0497,14.7,10.9,0.0074,0.023,0,592,0.0021,216,2.56,0.0296,2.47,1.14,2.04,505,24.4,1.38,889,476,10.6,1.33,2.34,0.0115,0.0025,54.2,4.17,0.653,0.0061,1.17,136,0.104,682,0.0118,0.324,0.116,244,0.225,520,8.73,5.86,117,0.0309,26.4,8.95,1.6,18.2,19.1,0.0467,56.2,920,0.0013,0.0047,2.74,0.927,0.0036,0.0959,0.0841,17.9,5.26,0.462,0.0385,509,40.7,2.21,0.526,27.6,0.0139,47.6,556,104,0.0062,74.5,77.6,0.769,45.3,7.08,156,0.0074,752,3.18,405,478,0.429,668,252,361,738,4.36,45.2,0.219,991,0.304,15.3,35.2,0.0412,526,1,1,100,2000,2000,100000,0,1,0.05,100000,0,100000,0,100000,0,100000,0,100000,0,100000,0,100000,0,100000,0,100000,0,100000,0,100000,0,100000,0,100000,0,100000,0,100000,0,100000,0,100000,0,100000,0,100000,0,100000,0,100000,0,100000,0,100000,0,100000,0
0.193,27.9,0.417,0.336,8.83,0.256,0.0066,0.0436,481,90.2,655,57.1,100,0.221,0.0068,547,0.007,105,0.158,0.0431,0.132,507,14.1,0.476,687,714,1.29,0.0993,9.14,91,19.8,0.201,0.0127,8.15,105,5.18,0.14,8.89,566,0.011,85.1,175,0.171,2.32,615,0.0298,228,21.9,0.014,0.191,0,813,0.0444,0.0075,38.2,5.5,0.0142,38.7,0.167,0.04,0.454,0.0452,1.08,0.207,0.242,0.778,35.7,0.0037,0.236,0.116,11.6,78.9,2.8,665,6.01,0.723,2.89,0.776,317,14.1,710,0.0035,0.64,32.9,818,0.029,0.052,0.546,0.0226,0.847,0.288,1.31,0.0122,0.0139,36.5,0.869,0.598,75.2,0.0025,0.832,0.0049,26.7,139,0.0664,1.77,46.8,23.4,2.58,0.38,0.0033,824,0.037,697,182,0.0095,0.008,19.7,33.4,23.9,50.2,0.521,23.2,0.0044,0.229,198,1.1,0.0127,1.17,3.59,5.66,33.8,0.481,4.21,160,304,0.0807,50,0.0386,0.038,0.0361,364,1,1,100,2000,2000,100000,0,1,0.05,100000,0,100000,0,100000,0,100000,0,100000,0,100000,0,100000,0,100000,0,100000,0,100000,0,100000,0,100000,0,100000,0,100000,0,100000,0,100000,0,100000,0,100000,0,100000,0,100000,0,100000,0,100000,0,100000,0,100000,0
0.193,328,2.56,448,12.7,10.5,4.71,726,1.14,74.8,0.0067,5.38,340,1.75,713,275,0.731,0.0025,0.282,1.07,0.0461,463,0.128,0.0115,1.04,796,0.0288,0.209,495,0.646,18,281,13.4,60.5,7.91,5.01,0.189,807,0.153,263,0.0129,0.0348,6.19,0.383,782,0.0405,0.0159,22.4,389,0.026,0,112,1.66,0.0076,3.65,376,0.675,0.112,1.31,0.0092,0.34,3.54,24.4,4.55,0.665,86.3,270,0.395,34.2,0.0034,0.0605,891,468,0.132,7.11,0.171,0.0051,0.0211,3.17,0.269,0.0218,6.87,84.9,53.1,0.1,182,1.79,0.248,110,995,302,26.9,235,81.5,279,8.49,344,0.0077,0.0667,394,0.513,256,973,0.173,92.3,180,0.67,0.551,0.0036,0.249,71,1.75,0.723,0.203,246,76.2,23.4,8.97,18.2,2.22,32.8,0.0116,1.02,153,245,65.8,830,398,0.92,41.1,0.989,979,0.064,0.206,145,269,1.22,4.94,320,0.001,0.217,1,1,100,2000,2000,100000,0,1,0.05,100000,0,100000,0,100000,0,100000,0,100000,0,100000,0,100000,0,100000,0,100000,0,100000,0,100000,0,100000,0,100000,0,100000,0,100000,0,100000,0,100000,0,100000,0,100000,0,100000,0,100000,0,100000,0,100000,0,100000,0
0.193,443,0.541,0.49,1.47,7.43,166,0.0522,0.0108,133,0.0468,30.8,8.95,0.646,0.231,72.4,0.0032,512,0.185,3.48,0.713,1.25,0.624,4.18,0.0034,10.7,10.4,337,0.162,0.512,182,0.867,0.607,752,9.93,973,64,0.142,0.0096,0.194,0.0189,218,0.0026,215,301,0.0029,2.33,0.0254,139,22.2,0,435,0.0198,0.0042,87.5,134,4.95,63.5,953,859,973,1.85,0.0738,0.0056,1.92,11,316,313,3.92,0.0026,187,3.05,0.0339,16.3,84.3,1.05,0.0055,177,39.8,1.58,0.0612,0.0029,329,838,2.15,0.0276,0.106,0.358,318,0.489,29.2,0.817,0.0315,6.41,43.3,1.19,0.521,873,49.7,643,0.957,133,0.793,4.27,2.34,2.79,5.58,111,77.8,2.56,19.6,24.4,0.536,0.0028,30.4,0.0755,2.16,3.61,29.9,0.0188,330,19.4,0.112,7.48,480,0.0505,8.28,282,352,163,0.0561,0.0045,27.7,0.0083,0.0293,0.59,0.0022,16,0.0101,0.0415,0.357,1,1,100,2000,2000,100000,0,1,0.05,100000,0,100000,0,100000,0,100000,0,100000,0,100000,0,100000,0,100000,0,100000,0,100000,0,100000,0,100000,0,100000,0,100000,0,100000,0,100000,0,100000,0,100000,0,100000,0,100000,0,100000,0,100000,0,100000,0,100000,0
0.194,82.6,1.17,6.41,0.309,600,1.49,345,39.5,256,0.042,885,388,29.1,0.008,12.4,0.0771,791,206,14.1,22.3,176,17.2,52.7,3.5,15.6,0.0048,0.0791,998,288,918,123,1.01,7.71,0.0392,959,0.0344,40.2,7.1,0.0037,7.26,0.0262,0.01,186,72.9,4.16,6.46,0.0089,63.2,7.19,0,5.93,1.99,1.63,17,11.7,0.0012,5.6,39.5,341,7.98,0.0237,26.6,3.16,80.4,195,0.0388,29.9,31.5,382,294,955,1.02,0.0226,17.4,12.6,0.0553,0.0682,18.9,1.32,346,0.0292,0.183,192,774,425,317,0.853,18.2,0.0345,881,267,0.0204,1.03,927,1.12,8.65,94.8,4.67,3.05,0.145,508,0.153,0.0011,0.0029,21,348,830,7.46,9.06,0.155,0.0062,31,87.3,37.1,66.8,78.5,0.0391,0.0027,0.0145,55.2,511,192,347,340,0.938,6.15,117,46.8,2.7,21.2,1.41,687,0.0035,0.0018,0.233,0.0022,0.192,242,0.211,207,1,1,100,2000,2000,100000,0,1,0.05,100000,0,100000,0,100000,0,100000,0,100000,0,100000,0,100000,0,100000,0,100000,0,100000,0,100000,0,100000,0,100000,0,100000,0,100000,0,100000,0,100000,0,100000,0,100000,0,100000,0,100000,0,100000,0,100000,0,100000,0
0.195,261,2.12,4.55,543,0.0085,622,8.2,0.108,76,0.101,836,122,24,0.137,29,423,17.5,520,156,14.5,3.48,0.0058,0.107,210,0.206,0.0225,44.8,6.78,0.0361,11.8,238,0.226,0.962,13.6,434,7.69,0.0091,374,109,0.002,0.002,1.86,110,5.37,71.1,135,74.5,6.55,0.0982,0,573,2.91,0.0279,0.275,22.4,68.5,0.0839,57.9,729,18.3,0.238,0.675,630,902,74.3,646,7,0.242,0.166,0.0409,0.0367,3.59,849,113,0.0337,0.791,5.4,158,809,0.101,1.91,0.493,2.04,0.127,0.176,4.66,0.249,0.0564,30.9,1.16,0.283,17,541,21.6,0.23,2.36,471,34.2,41.8,918,11.2,16,3.71,8.93,515,562,0.489,0.0188,3.42,6.75,40.3,0.411,968,77.6,42.6,239,0.0893,0.0226,0.5,0.0064,16.4,968,1.45,3.41,918,0.0136,778,0.74,6.84,0.125,0.178,0.899,68.5,0.0018,31.4,0.223,274,0.962,1.52,0.0013,1,1,100,2000,2000,100000,0,1,0.05,100000,0,100000,0,100000,0,100000,0,100000,0,100000,0,100000,0,100000,0,100000,0,100000,0,100000,0,100000,0,100000,0,100000,0,100000,0,100000,0,100000,0,100000,0,100000,0,100000,0,100000,0,100000,0,100000,0,100000,0
0.195,783,2.65,71.1,406,0.0051,17.9,0.597,1.4,35.9,0.236,434,18.6,0.325,0.0052,0.0853,48.3,167,330,0.692,7.26,0.0468,16.1,11.5,84.1,26.9,0.0057,1.92,298,60.5,179,19.8,2.59,0.23,0.849,1.22,1.5,0.0406,173,431,0.0281,7.62,17.7,29.2,291,11.1,0.0018,0.571,56.9,8.18,0,240,322,1.22,0.462,17.7,67.6,0.0385,29,240,7.23,41.2,2.28,65.6,0.0126,2.03,511,0.0068,0.1,0.307,1.08,0.665,20,0.0071,462,96.6,0.0113,0.148,0.566,412,0.0105,0.0162,136,1.63,156,2.44,0.568,22.6,34.5,82.6,18.8,1.27,233,26.9,0.0079,354,73.1,36.8,1.04,59,2.14,51.8,0.0093,2.21,0.0011,56.9,29,0.0129,83.9,0.245,701,0.0169,0.0332,0.0015,122,129,0.649,0.036,6.73,0.0106,0.175,293,179,68.7,134,0.309,0.0012,44.3,37.8,356,8.61,0.0237,0.14,0.0033,0.0024,0.408,2.03,290,405,143,0.0341,1,1,100,2000,2000,100000,0,1,0.05,100000,0,100000,0,100000,0,100000,0,100000,0,100000,0,100000,0,100000,0,100000,0,100000,0,100000,0,100000,0,100000,0,100000,0,100000,0,100000,0,100000,0,100000,0,100000,0,100000,0,100000,0,100000,0,100000,0,100000,0
0.195,0.0039,0.632,0.0202,122,258,2.82,575,0.119,18.2,0.291,4.38,87.1,0.0145,51.6,430,0.158,3.78,12.6,0.0329,0.113,3.27,7.24,196,4.06,3.54,21.3,0.805,5.93,849,149,5.52,188,0.841,1.98,19.5,0.605,16,0.0794,0.0315,0.0131,0.713,0.052,2.02,743,131,17.1,0.356,716,0.0085,0,16.2,1.39,0.028,667,116,216,0.0308,0.189,15.1,0.0933,531,0.43,207,176,37.5,244,371,1.47,0.494,40.6,9.25,0.0088,166,0.975,0.989,5.41,0.149,13.8,28.3,0.166,10.6,203,108,132,462,301,173,34.6,43.5,2.2,671,0.0498,33.7,26,0.0569,74.3,261,30.5,346,57.9,0.108,552,158,11.4,3.39,0.102,144,7.13,5.11,23.6,286,5.11,0.0046,90.2,215,0.0729,15.9,30.7,0.908,4.42,2.69,247,351,0.363,19.1,100,29.5,95.1,48.2,31,160,191,0.027,244,5.15,0.257,37.3,1.3,4.74,0.0585,1,1,100,2000,2000,100000,0,1,0.05,100000,0,100000,0,100000,0,100000,0,100000,0,100000,0,100000,0,100000,0,100000,0,100000,0,100000,0,100000,0,100000,0,100000,0,100000,0,100000,0,100000,0,100000,0,100000,0,100000,0,100000,0,100000,0,100000,0,100000,0
0.195,45.2,242,193,145,1.2,624,0.0766,0.154,1.1,0.075,443,120,0.0347,0.0108,2.96,0.646,1.19,3.8,571,20.7,0.0331,0.0463,767,0.121,121,280,0.834,0.339,0.119,11.7,0.497,0.413,134,0.042,0.0026,4.4,1.65,5.18,0.0076,0.0107,115,5.14,0.0169,7.74,0.522,163,31.3,0.0113,0.0556,0,163,938,718,46.9,1.44,7.36,0.0309,0.124,0.0083,0.472,0.0126,337,505,0.195,0.948,31,1.93,0.103,0.0339,0.578,14,3.94,25.2,0.505,11.6,22.6,9.08,0.0446,37.9,269,10.4,20.5,7.96,564,0.131,757,0.13,12.6,120,40.2,2.73,0.0793,2.56,5.86,1.33,361,2.25,255,379,0.0224,2.65,14.6,0.27,0.0647,2.08,7.96,0.16,0.0107,4.52,1.16,658,0.159,49.3,20.8,261,0.0083,0.0034,0.0092,0.416,25.8,19.4,1.92,1.24,167,76,13.8,0.561,2.99,211,0.0016,0.205,99.1,61.2,0.204,0.014,53.1,0.0135,2.54,2.43,3.59,1,1,100,2000,2000,100000,0,1,0.05,100000,0,100000,0,100000,0,100000,0,100000,0,100000,0,100000,0,100000,0,100000,0,100000,0,100000,0,100000,0,100000,0,100000,0,100000,0,100000,0,100000,0,100000,0,100000,0,100000,0,100000,0,100000,0,100000,0,100000,0
0.195,410,662,2.41,0.0414,27.3,485,1.87,1.29,10.3,86.3,414,11,0.034,0.0017,7.78,813,687,0.0018,12.8,5.24,295,1.34,2.3,92.9,262,12.6,2.08,824,39.7,133,7.26,9.93,0.189,0.646,0.528,700,2.75,2.04,44.6,3.21,0.0087,105,7.48,15.3,44.5,281,24.5,0.0048,0.002,0,955,0.0044,0.182,10.1,0.518,0.106,69,27.2,217,0.0849,15.6,0.115,85.9,5.68,82.8,0.003,0.364,2.74,183,0.0032,655,0.0096,0.0465,0.0316,0.0117,0.912,0.608,105,697,0.0207,154,0.0061,560,41.5,0.389,933,5.74,0.0166,0.0447,94.2,4.63,494,971,25.8,0.0013,416,0.0369,0.462,0.13,0.643,0.228,388,0.137,0.0042,3.72,195,0.69,500,0.0094,847,0.0098,0.0279,10.8,27.8,40.7,20.6,1.37,0.574,0.0104,1.04,24.9,0.0017,1,899,1.89,4.95,1.58,148,0.0085,101,55.1,3.25,104,0.138,0.0514,3.24,873,736,20.3,1.03,1,1,100,2000,2000,100000,0,1,0.05,100000,0,100000,0,100000,0,100000,0,100000,0,100000,0,100000,0,100000,0,100000,0,100000,0,100000,0,100000,0,100000,0,100000,0,100000,0,100000,0,100000,0,100000,0,100000,0,100000,0,100000,0,100000,0,100000,0,100000,0
0.196,0.0746,0.107,0.166,411,804,3.7,883,1.08,49.1,0.0248,0.459,238,0.406,560,63.1,0.0041,455,3.84,0.0288,16.7,1.01,86.1,49.2,272,0.372,35.4,0.0569,49.2,0.0303,0.228,0.147,19.5,59.2,0.009,0.197,0.282,0.0511,0.103,0.0055,0.0701,0.0064,2.05,6.12,0.0084,0.0095,1.53,741,0.117,0.0202,0,29.1,0.0076,11.9,133,5.26,7.1,4.01,68.7,0.0861,237,910,358,1.27,942,2.74,40.2,454,1.42,4.75,5.85,80.9,8.89,22.8,0.165,0.21,0.0414,1.01,115,0.0832,10.7,11.7,1,75.3,971,0.582,4.79,12.9,0.196,2.59,0.0881,2.61,29.6,0.399,0.0316,3.42,46.9,277,246,17.2,1.58,124,1.91,0.0067,4.9,60.7,2.11,8.17,45.5,0.118,0.569,0.0034,0.0066,0.246,87.1,36.6,12.1,0.0109,206,6.97,0.0214,365,0.736,0.0299,0.348,63,21.7,107,4.05,20.7,0.31,3.66,121,0.169,0.115,363,6.01,85.7,0.0302,4.53,2.28,1,1,100,2000,2000,100000,0,1,0.05,100000,0,100000,0,100000,0,100000,0,100000,0,100000,0,100000,0,100000,0,100000,0,100000,0,100000,0,100000,0,100000,0,100000,0,100000,0,100000,0,100000,0,100000,0,100000,0,100000,0,100000,0,100000,0,100000,0,100000,0
0.196,18.4,3.44,0.0412,499,0.177,16.4,569,0.67,11.5,46.9,2.77,0.0277,0.201,0.0073,0.0034,35.5,67.6,0.0168,146,21.2,4.34,0.0176,52.2,0.0043,325,2.15,11.2,76.7,0.0847,0.14,14.9,7.1,0.0719,0.0238,37.8,0.0402,69,565,0.488,0.0056,1.07,49.1,51.4,3.85,698,0.664,0.382,82.8,0.0024,0,294,0.245,0.995,0.473,0.0033,3.01,7.57,0.0033,40.8,1.16,804,25.2,8.17,0.204,155,5.89,5.47,0.0164,0.0013,16.6,0.0356,111,68.4,7.16,171,0.0805,0.0089,8.85,11.8,0.0334,0.0047,225,120,88.3,4.15,2.88,211,423,0.0935,675,0.871,0.0173,0.0826,1.46,0.504,0.151,1.62,9.53,71,0.15,0.108,267,0.0128,137,28.6,90.6,116,270,564,2.04,3.62,0.164,76.6,191,5.33,22.4,0.0042,0.0072,1.04,217,0.0313,175,0.494,19.1,3.44,87.3,1.42,0.242,0.0078,1.08,50.5,0.127,0.153,0.836,25.7,601,0.723,0.508,0.0269,0.363,1,1,100,2000,2000,100000,0,1,0.05,100000,0,100000,0,100000,0,100000,0,100000,0,100000,0,100000,0,100000,0,100000,0,100000,0,100000,0,100000,0,100000,0,100000,0,100000,0,100000,0,100000,0,100000,0,100000,0,100000,0,100000,0,100000,0,100000,0,100000,0
0.196,489,196,0.0265,94.6,1.02,1.71,374,34,215,0.0011,7.62,1.38,0.337,2.08,143,394,0.0733,0.0593,164,1.99,1.51,7.62,15.5,0.0518,28.4,671,0.564,0.334,995,982,0.0148,0.112,13.2,384,0.201,0.065,381,2.03,0.0728,8.91,0.107,1.08,643,41.4,0.0211,15.2,0.56,240,1.92,0,7.33,0.0055,587,0.537,12.2,0.0242,265,0.0021,0.0222,124,0.0072,23.1,40.2,834,446,0.284,18.2,2.75,1.36,6.27,143,248,38.1,1.85,13.1,0.168,2.07,879,411,330,0.0619,5.27,1.77,524,242,4.26,90.2,88.3,11.4,0.0279,0.0697,0.0241,275,37.3,419,132,0.0039,893,1.63,0.05,74,95.5,957,3.05,0.27,72.1,7.78,0.372,206,0.69,242,86.7,34.8,542,25.6,86.7,21,169,36.8,461,891,481,0.0081,0.0525,0.28,0.0219,5.22,1.26,0.824,0.0209,37.1,2.78,771,891,3.53,0.0255,333,0.0048,171,0.327,1,1,100,2000,2000,100000,0,1,0.05,100000,0,100000,0,100000,0,100000,0,100000,0,100000,0,100000,0,100000,0,100000,0,100000,0,100000,0,100000,0,100000,0,100000,0,100000,0,100000,0,100000,0,100000,0,100000,0,100000,0,100000,0,100000,0,100000,0,100000,0
0.197,188,759,0.656,13,18.5,0.0899,1.5,0.0324,83.9,0.17,171,0.333,0.0115,590,275,277,0.0043,26.5,309,194,193,0.824,75.2,0.0046,0.152,47.4,0.0302,0.252,491,45.7,1.84,7.67,0.693,0.0265,0.0043,1.24,0.006,0.0516,0.0053,26.8,10.4,10.9,545,405,367,0.08,4.27,753,0.0165,0,83.8,0.0664,3.77,31.9,95.3,752,0.0047,570,0.0027,16.1,0.0084,0.971,475,346,0.199,80.5,0.115,427,0.826,0.849,24.5,0.508,0.0423,0.392,192,4.12,0.0165,21.3,272,196,0.149,132,0.0019,11.3,0.101,0.0106,221,36.5,0.1,0.0479,203,0.0525,908,698,0.003,0.0016,0.0096,25,17.6,16.3,45.1,55.1,0.474,0.469,1.26,1.3,0.0017,15.2,337,0.338,11.9,0.0394,762,1.04,0.0254,0.0112,3.22,0.109,3.05,186,64.9,0.984,256,2.98,38.4,0.0281,13.3,644,23.6,35.6,3.96,3.85,0.0397,2.42,62.7,99.8,762,0.103,0.355,0.929,1,1,100,2000,2000,100000,0,1,0.05,100000,0,100000,0,100000,0,100000,0,100000,0,100000,0,100000,0,100000,0,100000,0,100000,0,100000,0,100000,0,100000,0,100000,0,100000,0,100000,0,100000,0,100000,0,100000,0,100000,0,100000,0,100000,0,100000,0,100000,0
0.197,0.103,0.0356,0.0059,0.0412,0.0072,0.0063,373,0.0092,0.0015,0.0178,76.6,426,0.0865,0.798,929,0.0724,294,33.1,632,3.49,80.9,2.96,28.9,0.0031,5.78,2.44,1.58,31.6,0.0166,0.165,312,13.3,512,279,12.6,0.0266,94.6,0.205,0.0111,0.137,64,0.151,122,0.0062,1.58,502,6.44,546,0.338,0,94.4,0.0187,0.043,293,72.3,161,34.7,124,6.82,33.3,35.4,167,0.141,2.19,0.984,9.42,418,0.0942,0.112,0.867,64.7,0.121,0.0072,290,164,272,0.0154,6.07,11.3,2.62,0.0841,359,10.9,299,0.0607,1.58,738,136,124,83.2,12.6,1.06,0.102,145,0.0025,12.1,243,29,62.8,0.018,140,0.0046,0.0028,0.0621,0.173,0.0457,0.773,0.993,0.0285,94.2,44.6,1.05,0.0132,0.0051,0.776,40.6,0.199,247,0.0851,508,0.0398,0.103,224,0.832,0.382,0.298,191,2.33,3.87,0.0379,0.0966,0.0438,12.5,0.305,1.41,0.525,0.0131,0.16,0.0233,0.0063,1,1,100,2000,2000,100000,0,1,0.05,100000,0,100000,0,100000,0,100000,0,100000,0,100000,0,100000,0,100000,0,100000,0,100000,0,100000,0,100000,0,100000,0,100000,0,100000,0,100000,0,100000,0,100000,0,100000,0,100000,0,100000,0,100000,0,100000,0,100000,0
0.197,344,0.0776,130,0.0038,365,0.151,185,0.0147,98.9,8.09,2.45,82.6,0.0045,0.281,6.31,0.774,52.5,27,0.0015,32,0.219,1.56,0.0646,9.84,0.212,0.025,13.6,14.6,0.0226,8.38,0.0163,0.489,323,0.432,0.1,0.0475,0.627,364,34,2.1,0.0276,220,26.9,1.83,0.205,1.48,0.04,0.333,0.0267,0,323,9.98,26.4,0.0051,0.0255,48.6,0.0024,998,0.0155,3.59,6.41,964,315,13.2,0.601,4.43,0.0157,0.0164,0.0171,0.418,221,0.0267,0.348,462,0.0581,0.951,2.86,2.47,192,0.0034,0.0094,75.2,1.26,26,6.32,45.3,532,587,0.0363,0.429,21.1,893,1000,0.198,0.664,0.192,0.292,0.101,22.6,0.0822,0.0447,65.2,0.0022,0.0023,126,182,202,491,0.515,445,0.0175,0.0044,0.0014,0.105,0.0021,11.8,0.395,0.0451,0.0349,345,105,0.182,0.002,0.643,309,43.7,0.56,42,711,1.25,0.661,81.5,0.0055,117,402,0.767,0.109,991,0.0735,4.89,1,1,100,2000,2000,100000,0,1,0.05,100000,0,100000,0,100000,0,100000,0,100000,0,100000,0,100000,0,100000,0,100000,0,100000,0,100000,0,100000,0,100000,0,100000,0,100000,0,100000,0,100000,0,100000,0,100000,0,100000,0,100000,0,100000,0,100000,0,100000,0
0.197,0.292,0.204,4.15,0.06,0.0443,0.0253,0.0072,0.881,47.3,0.0054,176,9.77,36.2,8.51,918,11.4,0.0103,0.0136,92.7,0.0288,1.45,0.007,1.94,277,0.339,0.0059,0.1,39.2,21.7,1.18,136,2.68,3.81,0.0056,143,0.351,0.957,0.0093,0.0442,0.778,971,0.0029,63.7,111,0.282,54.5,0.0078,21.1,0.0067,0,6.03,3.05,5.58,0.11,188,1.21,0.0295,0.459,125,0.114,213,0.0759,6.87,0.454,318,5.55,56.6,0.0094,13.9,0.126,304,352,1.18,665,1.99,0.0042,0.0073,0.624,4.53,0.209,0.0058,0.0291,20.9,181,0.0931,1.89,0.143,0.78,120,334,3.9,0.0035,0.955,177,0.168,0.0061,55.5,367,0.104,0.0177,1.17,0.124,0.813,0.0713,385,0.0557,0.109,2.84,0.0249,0.147,0.0207,0.358,98.4,0.0046,127,0.0857,114,0.7,46.6,0.865,836,0.126,7.66,532,1.5,3.53,33.2,6.08,10.2,0.0614,71,0.161,40.8,0.0169,3.43,0.0099,37,0.0459,0.0046,143,1,1,100,2000,2000,100000,0,1,0.05,100000,0,100000,0,100000,0,100000,0,100000,0,100000,0,100000,0,100000,0,100000,0,100000,0,100000,0,100000,0,100000,0,100000,0,100000,0,100000,0,100000,0,100000,0,100000,0,100000,0,100000,0,100000,0,100000,0,100000,0
0.197,0.0027,132,667,381,164,0.381,344,0.0252,0.187,0.0041,8.15,944,0.0047,9.04,0.0327,0.0689,736,0.0433,0.0146,2.62,15.3,0.0678,0.324,292,83.8,0.0017,0.242,3.08,0.935,0.0547,762,0.0472,0.0035,75.5,2.77,1.45,0.157,9.31,0.718,0.0012,0.0106,955,3.98,0.144,42.7,7.29,0.0041,0.075,1.22,0,590,20.1,0.0136,0.0336,0.0171,10.3,0.0036,0.383,131,10.7,650,1.82,51.1,25,22.8,0.0042,995,148,1.33,252,8.02,94,659,110,0.0923,0.899,2.52,310,204,0.0581,2.93,0.0079,0.0935,1.34,920,105,109,887,36.6,1.99,0.0187,39.3,248,0.116,340,0.011,431,0.0333,5.5,0.0177,6.79,110,2.35,12,0.0071,80.2,75.5,21.2,32.4,0.0014,0.0897,0.0155,2.05,0.127,703,128,3.35,0.0259,20.8,3.4,0.0341,19,605,0.0344,54.5,356,452,146,2.56,67.6,160,0.582,62.1,962,682,646,0.0014,975,0.0424,0.0032,1,1,100,2000,2000,100000,0,1,0.05,100000,0,100000,0,100000,0,100000,0,100000,0,100000,0,100000,0,100000,0,100000,0,100000,0,100000,0,100000,0,100000,0,100000,0,100000,0,100000,0,100000,0,100000,0,100000,0,100000,0,100000,0,100000,0,100000,0,100000,0
0.197,0.0041,418,0.0659,0.125,27.4,484,31.1,270,64.4,0.0014,0.0035,0.0084,386,0.723,1.9,796,96.6,0.0122,0.002,359,8.09,0.0192,19.7,3.34,11,78.3,95.3,4.42,0.0132,8.26,430,408,0.982,2.37,861,454,0.154,18.5,0.0093,212,11.9,0.935,299,111,0.136,0.867,0.0759,11.8,9.35,0,98.6,735,555,0.0986,0.114,1000,0.0027,171,0.0703,63.8,161,191,281,3.81,1.57,0.402,83.8,2.7,17.9,0.0492,0.0031,42.7,807,0.0011,175,15.1,5.28,11.6,1.03,67.3,0.0375,1.12,1.53,2.34,28.4,19.7,32.9,0.131,6.4,25.9,0.258,0.0104,0.933,411,5.75,0.18,0.793,438,687,0.511,6.98,2.17,0.0018,552,0.111,716,0.693,146,0.0165,268,6.25,0.608,0.327,3.4,0.0062,110,9.77,1.33,3.53,0.0217,0.478,0.109,506,369,63.2,57.8,7.4,306,0.295,12.2,441,0.0883,476,706,711,953,19.9,0.0028,0.578,12.5,1,1,100,2000,2000,100000,0,1,0.05,100000,0,100000,0,100000,0,100000,0,100000,0,100000,0,100000,0,100000,0,100000,0,100000,0,100000,0,100000,0,100000,0,100000,0,100000,0,100000,0,100000,0,100000,0,100000,0,100000,0,100000,0,100000,0,100000,0,100000,0
0.197,514,0.0064,1.08,861,971,830,48.3,1.03,26.5,2.61,893,578,0.0098,25.3,80.4,1.06,184,206,287,80.4,0.855,0.004,0.0348,48.1,0.406,0.0532,0.0155,38,4.06,242,0.0618,0.551,277,0.16,0.306,135,31,0.0011,0.0382,0.796,0.69,0.0164,57.8,219,0.0258,1.33,0.149,0.0776,0.0019,0,1.5,1.11,0.205,6.34,122,0.0341,8.89,9.68,7.38,528,557,202,776,0.0034,1.5,52.1,161,1.45,0.0124,1.29,0.0072,145,2.02,0.698,0.0024,33,2.46,132,0.0147,0.137,0.0721,0.0016,12.4,0.0294,0.0103,883,4.23,822,18.7,73.3,1.71,0.0437,130,284,5.9,27,1.1,85.3,0.158,0.303,27.3,512,132,3.95,2.36,252,0.0032,95.7,20.8,0.0789,0.007,607,0.0044,0.006,0.0021,0.0024,0.0402,0.0652,1.05,0.0817,52,0.0774,998,1.41,221,984,0.0562,14.2,1.35,0.818,29.2,1.9,2.44,18.3,0.0024,0.44,0.0337,632,1.35,0.171,1,1,100,2000,2000,100000,0,1,0.05,100000,0,100000,0,100000,0,100000,0,100000,0,100000,0,100000,0,100000,0,100000,0,100000,0,100000,0,100000,0,100000,0,100000,0,100000,0,100000,0,100000,0,100000,0,100000,0,100000,0,100000,0,100000,0,100000,0,100000,0
0.198,10.5,0.991,0.167,857,440,22.6,0.123,0.0818,77.6,0.0022,128,4.46,0.0356,236,471,23.6,31.8,8.99,0.0302,0.274,0.0289,0.0513,37.5,0.21,185,1.46,782,26.2,96.8,291,256,0.661,0.0248,940,0.0197,380,0.243,18.7,288,2.79,0.101,0.64,58.6,959,0.0277,50,1.46,897,4.9,0,906,746,0.0056,285,0.0288,0.0078,4.86,0.0089,0.0057,0.0043,383,103,415,0.54,1.13,0.0339,2.38,131,575,0.0045,0.101,583,0.0126,104,14.6,553,971,0.127,0.479,0.0265,0.5,641,41.8,0.239,0.381,0.0023,0.19,356,9.71,1.44,7.33,0.828,0.291,0.0406,232,0.226,79.8,545,24.7,0.0021,682,951,0.0035,0.0023,0.0112,0.925,44.6,695,5.65,0.0047,163,1.09,867,57.4,0.0027,110,0.661,1.73,14.3,0.111,29.3,205,46.8,1.29,0.0091,107,925,10.4,131,3.5,8.36,8.85,124,11,0.0401,0.0056,108,75.7,2.01,0.124,1,1,100,2000,2000,100000,0,1,0.05,100000,0,100000,0,100000,0,100000,0,100000,0,100000,0,100000,0,100000,0,100000,0,100000,0,100000,0,100000,0,100000,0,100000,0,100000,0,100000,0,100000,0,100000,0,100000,0,100000,0,100000,0,100000,0,100000,0,100000,0
0.198,0.0055,861,237,0.0167,11.4,0.0213,0.031,841,80.9,4.19,637,281,18.7,1.15,80.4,0.748,0.0233,966,12.3,0.0091,268,2.33,1.29,600,462,0.071,0.316,486,199,320,0.489,1.77,0.0764,0.0861,0.0027,2.79,48.5,0.0337,0.0389,148,0.0159,0.0468,0.0053,0.0122,612,0.0141,0.0022,341,692,0,288,0.289,1.6,0.0474,968,266,39.1,0.003,723,649,703,0.359,5.37,0.105,0.0419,863,0.0025,719,0.169,0.693,0.0061,0.327,0.33,0.0743,1.59,4.35,6.27,0.299,42.4,4.71,6.93,406,0.587,5.55,1.06,188,859,0.262,45.1,71.9,5.79,0.065,439,561,255,787,667,701,236,0.182,998,0.0108,0.869,1.2,6.47,0.237,0.229,77.4,0.0034,0.0853,0.0066,0.232,28.1,0.396,0.532,67.3,0.0357,0.0267,179,15.3,0.0191,0.458,3.73,12,20.6,10.9,0.314,14.8,92.7,12.1,38,1.24,214,3.53,435,191,8.85,562,0.203,0.0962,1,1,100,2000,2000,100000,0,1,0.05,100000,0,100000,0,100000,0,100000,0,100000,0,100000,0,100000,0,100000,0,100000,0,100000,0,100000,0,100000,0,100000,0,100000,0,100000,0,100000,0,100000,0,100000,0,100000,0,100000,0,100000,0,100000,0,100000,0,100000,0
0.198,0.0244,0.17,0.991,0.0151,168,0.24,0.0057,0.262,0.318,0.174,41.8,41.3,1.42,2.01,7.24,0.676,0.307,0.0082,0.0385,0.0516,2.69,52.1,0.129,0.0991,28.8,0.0193,0.0023,151,93.5,78.9,205,6.31,0.0607,0.543,0.113,0.282,85.7,170,0.0635,11.7,0.769,2.42,2.88,0.262,0.0434,100,163,95.5,0.0024,0,284,0.0023,0.836,139,0.0193,4.42,18.7,0.0021,0.0137,0.0015,175,6.62,69.2,49.9,0.925,93.5,0.869,0.201,1.56,0.0497,0.064,0.127,0.426,174,0.297,0.621,0.0176,2.81,0.0027,17.4,0.0721,0.857,0.0072,0.0027,26.3,0.427,7.71,9.12,1.16,0.0119,5.25,0.105,302,109,378,61,157,314,0.0735,26.7,2.25,99.1,0.0914,155,122,17.1,0.187,4.22,15.3,0.27,0.0594,1,255,218,51.6,260,105,222,113,0.0577,0.0433,1.63,18.9,1.67,36.1,0.0264,10.5,25.6,0.176,44.4,0.571,0.845,0.006,406,26.9,5.87,1.34,65.8,2.34,0.0019,1,1,100,2000,2000,100000,0,1,0.05,100000,0,100000,0,100000,0,100000,0,100000,0,100000,0,100000,0,100000,0,100000,0,100000,0,100000,0,100000,0,100000,0,100000,0,100000,0,100000,0,100000,0,100000,0,100000,0,100000,0,100000,0,100000,0,100000,0,100000,0
0.198,11.1,0.328,0.0736,55.5,0.0026,277,198,176,8.34,0.0604,716,29.2,5.75,5.85,265,0.0923,112,30.2,12.2,0.139,0.107,0.0163,0.0161,442,3.03,0.024,21,98.2,28.7,275,17.3,0.187,0.108,528,115,4.68,0.0261,0.392,15.7,0.404,76.9,0.0389,20.7,0.404,114,15.1,0.0041,63.1,17.7,0,0.982,8.18,1.85,0.681,9.95,0.223,27.9,17.9,371,1.15,316,218,3.86,109,0.156,10.4,54,0.498,1.15,718,0.809,4.31,16.3,14.1,227,10.3,0.0977,3.96,14.1,0.155,955,0.0388,0.0186,14.3,0.032,132,1.44,1.88,2.7,0.0073,157,5.52,309,0.743,0.0015,0.0019,2.97,0.0418,8.75,0.463,0.0057,8.93,0.111,0.718,0.612,111,106,228,1.22,47,0.0114,0.126,16.3,0.0013,4.52,16.2,0.0042,0.0015,1.15,463,0.245,18.7,0.0072,0.0516,493,1.39,0.0047,109,1.06,0.8,9.59,0.887,5.28,7.28,320,0.0264,1.29,628,0.851,9.53,1,1,100,2000,2000,100000,0,1,0.05,100000,0,100000,0,100000,0,100000,0,100000,0,100000,0,100000,0,100000,0,100000,0,100000,0,100000,0,100000,0,100000,0,100000,0,100000,0,100000,0,100000,0,100000,0,100000,0,100000,0,100000,0,100000,0,100000,0,100000,0
0.198,1.38,5.85,43.1,0.0042,77.4,2.2,0.533,1.22,65.9,0.113,368,594,0.034,0.0089,0.603,0.411,80.2,0.299,14.5,64.1,0.104,0.0022,9.1,0.0752,2.36,0.151,14.8,471,117,29.2,368,13.1,5.42,0.0535,0.0057,495,0.0157,7.78,0.0017,43.4,51.3,408,1.29,0.0175,0.161,13.9,0.0157,65.3,0.0719,0,0.333,0.0441,1.38,119,0.425,7.36,0.0091,3.75,133,2.26,0.305,986,2.49,14.4,759,3.27,0.0017,81.8,474,39.3,357,39.3,22.8,0.218,4.2,6.25,80.4,5.13,0.0168,0.0063,0.255,0.346,18.5,0.206,0.412,0.302,0.149,45.5,0.0548,98.6,3.71,0.491,133,0.64,0.0525,43,0.653,2.62,635,0.0059,225,28.1,0.0137,0.0367,0.201,5.89,8.18,6.82,0.466,0.0075,2.08,76,0.17,953,0.0037,60,0.216,0.114,0.0528,0.0332,183,0.0019,15.9,93.5,301,8.85,309,446,2.01,144,0.0621,0.13,1.03,8.04,171,254,1.53,199,0.0773,217,1,1,100,2000,2000,100000,0,1,0.05,100000,0,100000,0,100000,0,100000,0,100000,0,100000,0,100000,0,100000,0,100000,0,100000,0,100000,0,100000,0,100000,0,100000,0,100000,0,100000,0,100000,0,100000,0,100000,0,100000,0,100000,0,100000,0,100000,0,100000,0
0.198,21.9,129,3.5,0.01,7.87,178,112,148,434,0.0013,143,8.99,0.281,0.0223,19.3,0.0538,56.9,9.18,0.586,52.1,0.706,0.0421,0.0979,16.6,421,2.99,0.366,0.0573,0.104,7.36,4.84,1.58,0.148,0.0223,0.0016,239,0.249,0.335,0.0399,0.0188,0.001,1.33,0.144,0.0171,499,547,0.002,53.7,28.9,0,25.1,21.5,0.0014,395,1.61,320,0.0561,885,9.89,0.0045,0.0244,0.164,269,199,995,977,0.129,7.03,0.0051,2.45,745,13.2,9.53,589,0.0955,0.007,0.791,778,540,0.435,6.89,254,5.47,6.28,0.964,208,27.5,679,0.119,2.52,405,0.11,3.19,1.7,83.2,8.3,0.281,92.9,0.104,0.168,641,352,0.0011,176,6.65,759,0.0361,16.7,3.15,0.0522,17.3,5.38,0.173,163,0.548,0.016,0.132,0.0028,3.91,863,74.3,14.3,98.6,764,33.1,5.58,0.558,249,3.49,6.43,316,0.0057,27.5,8.09,479,0.0158,0.0361,0.834,0.151,0.221,1,1,100,2000,2000,100000,0,1,0.05,100000,0,100000,0,100000,0,100000,0,100000,0,100000,0,100000,0,100000,0,100000,0,100000,0,100000,0,100000,0,100000,0,100000,0,100000,0,100000,0,100000,0,100000,0,100000,0,100000,0,100000,0,100000,0,100000,0,100000,0
0.198,0.0399,2.58,36.8,35.3,6.93,0.153,610,0.0188,542,0.6,514,75,0.0207,0.0031,169,201,212,195,22.8,0.0109,1.03,0.116,9.95,0.318,43.3,0.411,706,719,0.0034,498,1.71,0.0337,0.006,44.6,0.621,759,7.29,135,0.904,4.43,0.158,26.5,273,37.9,0.044,3.73,0.0246,29.8,2.25,0,597,0.145,0.408,0.0073,0.379,58.1,0.0011,20.1,0.32,0.124,0.0058,6.97,35.6,196,147,0.0336,1.69,132,889,0.76,101,0.301,0.0359,440,71.4,4.93,39.3,0.182,0.0075,31.8,5.21,65.3,28.1,94.8,97.5,400,1.38,647,0.151,4.39,458,0.204,362,52.7,218,45.3,528,0.933,579,0.0966,0.161,679,45.2,16.8,53.5,4.59,979,8.22,4.99,6.32,7.48,23.2,873,39.9,45.2,441,0.014,2.45,0.313,261,0.0168,0.0975,425,4.99,62.8,233,0.0015,8.97,16.5,6.64,597,0.0233,287,15.5,0.0568,229,2.11,465,0.593,221,1,1,100,2000,2000,100000,0,1,0.05,100000,0,100000,0,100000,0,100000,0,100000,0,100000,0,100000,0,100000,0,100000,0,100000,0,100000,0,100000,0,100000,0,100000,0,100000,0,100000,0,100000,0,100000,0,100000,0,100000,0,100000,0,100000,0,100000,0,100000,0
0.198,11.5,409,280,170,904,30.8,558,0.0032,48.4,3.37,883,908,0.0938,302,61.4,6.43,26.9,0.308,0.493,84.7,0.15,12.3,7.01,0.024,25.9,291,14.3,753,1.51,145,0.671,2.31,0.0463,2.63,148,184,0.0094,3.36,0.318,0.0991,0.0071,0.44,175,1.31,7.67,2.13,15.6,9.57,41.9,0,614,224,124,440,235,251,0.0118,6.95,5.15,34.6,0.069,4.04,0.475,237,0.577,0.0016,3.99,973,73.3,0.0227,385,463,766,137,85.9,0.0013,1.22,2.02,0.116,440,0.012,4.01,0.163,841,1.45,0.0337,0.071,828,39.6,0.403,55,0.011,0.158,7.06,0.0348,1.71,6.32,65.3,0.906,0.443,0.0082,4.34,0.0029,13.3,7.18,104,1.78,979,0.0217,0.53,697,1.15,0.451,820,0.0229,17.5,0.0078,1.38,129,29.1,0.134,0.213,340,4.29,0.0323,0.0032,26.9,32.5,0.938,32,236,0.863,37.3,0.0524,24.6,0.024,646,7.6,0.0067,7.5,1,1,100,2000,2000,100000,0,1,0.05,100000,0,100000,0,100000,0,100000,0,100000,0,100000,0,100000,0,100000,0,100000,0,100000,0,100000,0,100000,0,100000,0,100000,0,100000,0,100000,0,100000,0,100000,0,100000,0,100000,0,100000,0,100000,0,100000,0,100000,0
0.198,32.7,147,14.8,31.8,104,0.0548,162,0.0824,6.22,0.0469,2.35,0.37,0.0957,0.771,133,41.3,409,1.82,422,0.04,3.05,0.134,719,0.0867,3.92,1.87,170,170,13.9,0.214,282,0.0308,2.86,0.0275,0.0114,57.7,0.457,589,82.4,4.59,5.82,53.2,202,319,0.0017,0.861,0.0114,4.97,10.1,0,656,0.262,0.0836,1,251,2.19,124,21.1,1.35,0.002,1.46,0.574,998,16.2,23.9,56.8,2.93,60.5,0.0029,5.62,0.0031,0.0363,0.0084,0.205,0.254,37.6,0.025,23.6,0.0925,612,0.0753,700,347,0.0014,0.0236,0.201,107,30.5,6.85,36.1,7,0.0041,4.46,20.6,17.3,0.0022,92.9,0.0984,16.3,33.1,488,0.348,44.1,0.0109,20.3,2.13,703,389,968,283,85.3,34.1,766,610,235,513,0.536,0.0067,1.68,222,1.31,12.6,0.0204,344,313,0.008,0.375,741,435,0.0042,113,995,243,118,1.42,0.005,350,883,2.34,2.41,1,1,100,2000,2000,100000,0,1,0.05,100000,0,100000,0,100000,0,100000,0,100000,0,100000,0,100000,0,100000,0,100000,0,100000,0,100000,0,100000,0,100000,0,100000,0,100000,0,100000,0,100000,0,100000,0,100000,0,100000,0,100000,0,100000,0,100000,0,100000,0
0.199,2.92,5.53,0.029,18.4,7.53,3.27,492,8.63,774,443,47.9,940,0.0698,23.6,0.0973,0.0643,7.46,12.3,0.0845,0.119,0.0054,0.0049,21.8,445,294,333,0.414,0.789,145,11.1,444,61.5,0.493,9.23,65.5,8.81,9.53,218,0.0764,14.2,0.0044,0.009,142,0.0017,0.589,269,0.0412,64.1,279,0,80.5,726,13.6,748,0.0106,14.4,0.0395,7.93,0.0148,0.0016,14.4,8.91,5.98,10.3,213,281,0.0024,1.12,13.6,8.73,8.65,0.0106,231,215,5.37,0.161,0.41,129,0.0494,0.0034,10.6,0.0099,0.0703,0.147,0.0193,640,1.63,0.43,7.41,17.5,0.0165,532,122,0.0163,0.264,0.826,650,3.6,17.6,0.0243,15.2,9.2,1.97,0.01,114,60.7,0.0024,0.0013,0.0067,161,429,25.6,0.579,0.791,551,25.7,0.0838,342,0.117,0.011,459,0.0252,556,305,0.029,493,12.8,0.157,12.5,0.0515,0.791,0.0356,3.14,0.108,9.04,9.06,182,0.0073,2.02,89.5,1,1,100,2000,2000,100000,0,1,0.05,100000,0,100000,0,100000,0,100000,0,100000,0,100000,0,100000,0,100000,0,100000,0,100000,0,100000,0,100000,0,100000,0,100000,0,100000,0,100000,0,100000,0,100000,0,100000,0,100000,0,100000,0,100000,0,100000,0,100000,0
0.199,0.398,670,4.61,28.6,0.0042,234,750,0.0276,11.1,47.3,228,550,0.0267,6.53,25.5,403,185,0.108,721,396,0.212,0.173,17.5,578,0.0687,0.315,948,0.0538,253,0.0027,87.7,4.8,3.18,628,902,0.061,180,232,3.08,879,0.226,0.57,83,498,34.9,0.841,39.2,17.3,0.0374,0,284,1.19,3.23,80.2,581,83.4,0.975,0.32,0.881,82.8,0.0459,428,0.0869,1.62,0.78,371,0.0561,593,3.33,0.0465,159,8.57,0.299,7.74,787,0.428,93.3,1.52,0.0238,0.0385,753,8.11,0.455,0.172,191,0.192,0.146,0.711,2.4,167,0.239,3.61,124,20.5,0.143,0.225,0.108,135,0.0026,0.119,594,0.0098,274,19.3,0.0021,3.81,10,0.0807,427,759,274,0.166,64.4,0.186,861,0.0039,908,0.0152,0.843,0.0219,0.0084,0.195,962,66.8,0.391,0.346,0.177,634,15.3,4.14,304,574,7.18,14.9,16.6,0.0053,548,1,35.4,6.92,1,1,100,2000,2000,100000,0,1,0.05,100000,0,100000,0,100000,0,100000,0,100000,0,100000,0,100000,0,100000,0,100000,0,100000,0,100000,0,100000,0,100000,0,100000,0,100000,0,100000,0,100000,0,100000,0,100000,0,100000,0,100000,0,100000,0,100000,0,100000,0
0.199,809,0.0251,652,1.26,97.9,16.5,1.97,80,18.7,0.804,95.1,77.3,0.0558,0.114,964,330,773,0.0078,478,2.48,1.09,0.002,0.0179,1.15,682,8.38,58.9,4.55,0.0392,2.8,0.918,0.0281,697,0.142,908,233,0.0161,92,10.3,0.375,0.0047,0.205,189,631,4.29,140,0.0015,0.0102,0.247,0,826,28.8,0.201,106,233,424,7.46,490,0.0521,776,0.0195,57.7,0.585,60.3,2.71,3.25,19,170,0.0103,0.0078,161,0.4,0.0013,501,294,0.164,0.17,40.4,0.173,0.0028,7.91,773,0.0292,341,38,13.4,0.643,202,0.0109,2.06,0.198,234,19.8,1.17,304,0.078,65,307,135,0.0026,479,8.04,10.5,173,16,15.1,3.29,161,0.01,8.15,589,914,2.39,30.1,15.4,991,0.185,2.39,0.0088,0.071,553,56.4,0.0804,0.0267,0.151,296,190,0.0395,0.011,41.2,0.0086,44.3,2.72,1.54,2.65,31.6,191,0.0091,0.244,0.0455,1,1,100,2000,2000,100000,0,1,0.05,100000,0,100000,0,100000,0,100000,0,100000,0,100000,0,100000,0,100000,0,100000,0,100000,0,100000,0,100000,0,100000,0,100000,0,100000,0,100000,0,100000,0,100000,0,100000,0,100000,0,100000,0,100000,0,100000,0,100000,0
0.199,14.3,615,1.11,11.7,0.0452,0.0168,0.0578,0.0904,948,4.78,543,8.57,1.75,0.065,577,0.0108,211,0.152,0.262,1.91,41.6,0.0897,0.0302,67.1,255,3.87,2.82,282,0.227,24.7,4.49,1.6,0.527,9.1,569,1.29,14.9,883,0.002,1.35,3.78,185,0.117,88.7,3.98,0.0099,1.36,245,0.0271,0,5.47,4.54,0.0762,6.37,0.0046,315,0.0143,0.114,0.0157,0.719,0.0041,89.5,630,1.52,19.6,0.0087,177,1.97,0.119,343,0.873,692,1.67,12.6,88.7,0.38,0.564,11.3,649,0.0557,1.31,0.333,0.171,3.11,0.638,0.35,0.0094,910,0.0031,0.134,55.2,119,204,0.0389,238,0.012,0.277,83.2,0.0052,0.0025,46.2,0.0117,0.429,865,246,4.7,687,0.0589,0.0664,0.0157,45,0.0019,0.288,0.047,0.0377,953,35.9,0.0044,13.4,33.8,0.0391,2.67,0.0035,2.32,644,0.0277,0.0442,11.4,0.0121,3.98,301,318,1.14,30.3,1.19,0.0114,0.488,547,0.0899,0.024,1,1,100,2000,2000,100000,0,1,0.05,100000,0,100000,0,100000,0,100000,0,100000,0,100000,0,100000,0,100000,0,100000,0,100000,0,100000,0,100000,0,100000,0,100000,0,100000,0,100000,0,100000,0,100000,0,100000,0,100000,0,100000,0,100000,0,100000,0,100000,0
0.199,0.048,0.511,0.0147,0.859,0.231,0.0012,98.6,0.0485,12.2,0.141,2.44,0.299,0.0738,1.09,3.19,0.689,0.175,0.359,76,0.106,0.0993,0.301,86.5,23.9,42.6,0.0519,88.1,1.59,1.09,62.7,299,0.0489,231,0.0096,0.0357,372,0.0013,0.5,2.67,0.256,1.19,19.5,313,3.96,119,0.625,1.03,0.179,0.0968,0,98.9,0.307,1.73,395,2.65,0.0634,0.347,0.0015,85.7,0.0037,0.824,6.67,1.58,0.726,3.36,1.87,145,3.3,0.0087,111,0.453,283,59.2,100,488,0.0273,0.0354,315,0.0048,0.0012,10.2,2.14,0.0931,0.802,90.4,34.4,0.336,89.9,0.611,0.899,0.175,1.39,889,0.0512,172,0.0037,1.35,0.11,16.1,3.05,873,454,0.0073,0.0067,0.0183,813,127,0.556,2.21,0.121,0.156,111,3.69,94.4,0.338,7.91,0.0313,5.24,638,0.0318,8.83,0.0171,27.4,1.14,0.141,0.0344,1.32,81.5,33.7,0.0469,1.08,805,0.0171,104,1.58,6.27,0.671,3.09,0.0063,3.59,1,1,100,2000,2000,100000,0,1,0.05,100000,0,100000,0,100000,0,100000,0,100000,0,100000,0,100000,0,100000,0,100000,0,100000,0,100000,0,100000,0,100000,0,100000,0,100000,0,100000,0,100000,0,100000,0,100000,0,100000,0,100000,0,100000,0,100000,0,100000,0
0.199,0.076,17.5,0.671,700,110,0.0018,52.2,847,269,11.4,8.17,101,0.356,0.0082,675,0.0254,23.4,160,0.265,948,0.261,21.1,962,51.6,5.57,0.0593,0.0392,0.203,673,3.14,176,0.174,0.0013,1.24,1.05,0.0121,0.0179,0.0839,10.1,3.32,113,622,9.2,0.232,995,3.21,0.865,101,0.002,0,391,0.0136,664,87.1,0.0277,19.6,0.0286,899,58.3,1.29,601,0.289,133,5.66,774,0.0185,125,729,8.15,175,0.989,0.0021,0.0044,597,0.0335,1.37,0.0015,126,6.65,77.6,3.07,650,0.984,0.002,0.0163,36,8.87,8.57,24,0.0675,0.163,0.002,0.508,404,47.6,0.151,74,449,0.551,5.61,0.0233,0.473,2.52,2,150,0.736,0.305,0.0308,9.77,256,394,0.11,0.0114,929,325,728,15.4,0.352,10.7,18.7,979,17.6,204,6.97,0.611,19.9,0.246,0.201,32.4,0.111,251,0.0433,0.794,3.49,15.5,254,282,0.0525,0.311,1.04,1,1,100,2000,2000,100000,0,1,0.05,100000,0,100000,0,100000,0,100000,0,100000,0,100000,0,100000,0,100000,0,100000,0,100000,0,100000,0,100000,0,100000,0,100000,0,100000,0,100000,0,100000,0,100000,0,100000,0,100000,0,100000,0,100000,0,100000,0,100000,0
0.199,134,0.0229,95.9,75,6.12,611,67.3,7.82,560,0.0188,0.142,838,0.338,354,38.5,0.271,5.83,0.608,178,58.9,15.3,0.986,0.0489,5.11,700,30.8,0.0689,2.55,49,548,0.0625,12.9,4.71,2.61,0.0427,29.2,1.93,92.7,21.1,253,0.453,0.197,1.33,171,0.748,0.0021,0.0385,0.0137,0.0013,0,80.4,0.766,202,0.201,51.1,0.0372,0.207,0.333,0.168,0.0075,239,431,107,20.8,268,5.47,2.99,0.293,0.0773,0.0089,0.0525,918,258,86.3,0.105,0.0417,0.063,0.0365,26.5,2.05,0.525,83.9,0.0719,0.822,3.22,1.26,115,105,3.98,2.81,0.0057,0.0471,165,0.0028,6.21,16.1,0.0332,2.19,10.1,0.0448,897,17.5,0.0685,3.01,0.438,0.32,423,17.5,0.0161,0.0122,16.4,0.0998,826,0.0163,0.0581,0.0667,7.98,145,144,0.0822,0.0039,0.0031,0.0183,8.83,114,5.22,0.0139,10.4,601,0.0418,96.2,0.0456,0.0025,2.07,0.0036,0.0023,192,0.463,31.5,0.0741,1,1,100,2000,2000,100000,0,1,0.05,100000,0,100000,0,100000,0,100000,0,100000,0,100000,0,100000,0,100000,0,100000,0,100000,0,100000,0,100000,0,100000,0,100000,0,100000,0,100000,0,100000,0,100000,0,100000,0,100000,0,100000,0,100000,0,100000,0,100000,0
0.199,0.176,302,19.4,1.77,9.55,0.0072,20.8,0.0026,44.3,0.343,45.1,11.2,0.12,10.9,95.9,3.5,1.32,0.0594,0.0344,0.0646,2.28,0.198,117,0.0086,3.38,2.09,0.783,12.4,442,0.123,36.7,0.028,0.021,24.4,89.3,0.165,49.4,6.37,1.16,0.111,73.1,2.43,16.3,0.0107,2.83,0.0998,0.279,0.0071,0.149,0,233,0.0308,0.0187,126,0.127,0.246,0.006,324,0.0117,6.37,0.0479,366,0.0631,2.43,2.07,0.0023,0.592,5.81,3.27,248,5.47,4.97,0.0164,226,6,764,0.0404,0.0074,0.209,0.0083,28.9,0.474,16,1.52,233,124,0.0016,0.0095,28.6,0.173,0.148,0.32,53,19,0.0621,1.58,158,182,48.8,152,0.027,37.4,0.0811,0.105,404,25,0.0676,0.326,0.0023,37.1,312,0.0284,0.206,0.0077,0.0125,34.7,1.02,1.34,481,0.283,5.64,0.0098,1.34,0.989,88.3,421,6.03,455,8.07,140,0.265,306,0.632,0.0042,72.8,0.0388,0.056,0.0752,0.0215,1.73,1,1,100,2000,2000,100000,0,1,0.05,100000,0,100000,0,100000,0,100000,0,100000,0,100000,0,100000,0,100000,0,100000,0,100000,0,100000,0,100000,0,100000,0,100000,0,100000,0,100000,0,100000,0,100000,0,100000,0,100000,0,100000,0,100000,0,100000,0,100000,0
0.199,0.809,10.7,174,132,247,22.6,11.5,0.695,982,6.44,494,140,1.7,525,38.6,2.87,5.96,0.0362,8.15,0.0105,556,0.007,0.101,0.0887,1.65,0.024,0.018,0.202,116,0.142,331,351,0.0034,0.0371,0.0019,0.0031,165,378,1.51,0.0361,398,0.0064,0.0059,15.4,2.99,0.0064,0.0013,1.06,0.0028,0,585,2.16,0.0394,118,32.9,0.0743,0.0125,968,376,0.275,250,0.658,0.0738,0.336,28.4,0.019,384,89.7,0.0017,328,0.109,19.3,4.55,1.14,0.18,0.0059,0.129,0.542,0.0043,729,0.0218,0.0073,1.9,594,13.1,0.414,0.315,26.2,0.0159,0.637,661,4.24,48.4,12.4,8.55,0.0955,0.841,0.004,109,3.38,38.9,514,0.65,0.352,0.304,4.38,0.0136,211,4.78,867,28.6,822,47.4,12.4,0.0587,2.11,0.228,0.055,0.0073,71.4,0.0094,63.5,8.26,439,378,0.375,0.701,635,0.0281,29.5,0.0254,113,0.953,17.6,0.685,0.0088,394,0.358,0.0817,13,1,1,100,2000,2000,100000,0,1,0.05,100000,0,100000,0,100000,0,100000,0,100000,0,100000,0,100000,0,100000,0,100000,0,100000,0,100000,0,100000,0,100000,0,100000,0,100000,0,100000,0,100000,0,100000,0,100000,0,100000,0,100000,0,100000,0,100000,0,100000,0
0.199,29.1,286,0.91,0.177,578,8.11,9.33,0.316,0.548,0.0034,184,113,6.65,865,650,0.249,548,0.0178,1.44,0.192,149,0.333,0.0044,6.71,1.43,0.0076,0.787,53.8,0.0697,18.6,0.0218,0.2,386,0.0151,249,252,346,1.34,0.445,0.007,0.753,1.06,25.9,12,4.4,1.36,0.0212,7.93,4.66,0,88.9,0.0136,0.0158,1.26,264,0.466,21,0.61,82.6,223,0.736,153,0.491,0.267,0.041,0.0082,216,33,0.528,361,19.8,0.138,66.8,148,5.71,3.68,0.0166,0.881,0.02,0.011,0.294,0.0024,185,5.98,0.241,885,118,95.9,1.9,3.27,0.0037,0.548,1.86,1.08,15.3,0.205,822,1.78,2.24,1.81,624,20.4,0.0938,2.51,4.84,5.09,2.2,232,429,0.0951,0.124,302,101,39.4,0.223,81.5,0.579,0.106,0.0505,64.3,628,0.0086,530,17.5,0.0895,4.7,0.205,8.69,0.653,14.4,28.8,0.0916,0.0583,0.132,417,3.41,103,1.68,0.0316,0.0141,1,1,100,2000,2000,100000,0,1,0.05,100000,0,100000,0,100000,0,100000,0,100000,0,100000,0,100000,0,100000,0,100000,0,100000,0,100000,0,100000,0,100000,0,100000,0,100000,0,100000,0,100000,0,100000,0,100000,0,100000,0,100000,0,100000,0,100000,0,100000,0
0.199,0.594,197,7.93,0.0186,14.1,0.38,0.288,0.0971,41.2,0.565,261,14.8,0.0126,0.873,1.08,0.0094,34.7,0.012,0.693,14.7,1.52,270,3.05,0.29,1.86,0.0098,0.931,136,0.445,14.6,0.0265,1.4,0.0664,1.16,27.5,37,0.0294,0.0649,0.0457,0.0147,0.279,3.16,33,14.4,0.413,15.3,0.502,504,0.0782,0,479,0.0058,1.97,6.11,2.17,116,0.0653,483,0.456,0.0145,249,0.233,127,22.5,238,0.277,73.5,385,2.47,22.2,87.3,0.0053,86.3,156,0.325,54.1,0.904,0.0014,16.1,0.143,0.0025,867,0.0664,2.37,100,357,0.0309,30.2,0.0012,2.13,0.555,2.94,378,0.0026,0.0692,581,22.4,57,0.0307,18,3.34,211,0.335,74,1.82,1.97,0.0526,0.0049,44.6,3.47,0.681,1.89,0.0367,0.276,73.1,0.353,96.8,0.596,0.184,124,57.9,32.2,0.305,0.0646,0.155,2.19,0.108,202,18.1,7.03,1.94,64.6,252,0.128,0.182,103,18.2,1.62,0.0877,0.0526,1,1,100,2000,2000,100000,0,1,0.05,100000,0,100000,0,100000,0,100000,0,100000,0,100000,0,100000,0,100000,0,100000,0,100000,0,100000,0,100000,0,100000,0,100000,0,100000,0,100000,0,100000,0,100000,0,100000,0,100000,0,100000,0,100000,0,100000,0,100000,0
0.199,0.01,1.61,13.2,1.36,15.1,382,130,4.13,9.98,0.0275,497,979,1.63,37.5,274,2.87,0.0352,16.5,142,0.0016,431,133,117,32.3,647,1.47,0.02,2.96,2.59,1.92,33.8,6.49,0.383,4.48,893,29,4.72,14.8,0.0039,113,0.0037,0.632,275,9.14,2.81,44.5,1.15,637,0.0019,0,144,110,995,9.66,7.26,581,3.52,414,442,0.0119,0.0667,42.4,364,3.82,23,0.0054,122,414,177,0.479,1.01,0.0017,0.183,664,0.0405,0.0277,5.85,0.0021,0.0807,0.454,454,26.5,2.8,16.1,54.2,0.121,0.0142,0.111,0.238,5.61,2.97,0.0226,3.24,11.8,40.7,0.486,975,794,5.22,0.456,11.3,17,0.0019,12.2,0.0326,191,0.0184,0.0196,624,815,28.8,811,28.2,0.0711,79.8,15.4,0.0022,9.57,0.252,255,221,42.7,468,3.11,0.0459,121,0.0469,762,1.64,15.6,36.9,3.78,208,97.9,108,77.8,0.0147,940,83.9,263,1,1,100,2000,2000,100000,0,1,0.05,100000,0,100000,0,100000,0,100000,0,100000,0,100000,0,100000,0,100000,0,100000,0,100000,0,100000,0,100000,0,100000,0,100000,0,100000,0,100000,0,100000,0,100000,0,100000,0,100000,0,100000,0,100000,0,100000,0,100000,0
0.199,1.95,0.158,15.4,0.0483,647,0.0146,3.08,0.0088,4.17,0.0021,5.36,3.26,0.102,0.0013,303,0.207,200,80.7,0.0232,0.0034,0.238,0.0731,10.4,0.1,14,26.4,108,169,1.96,0.521,474,38.1,0.0017,14.5,147,7.96,0.106,0.91,125,0.0116,2.49,0.883,8.05,62.8,0.794,1.42,0.344,0.0079,0.118,0,121,0.959,0.7,350,0.0547,3.03,0.724,60.5,28.4,0.0015,182,6.3,112,5.82,45.2,0.0175,139,53.8,139,0.938,0.147,292,0.008,153,0.0204,0.0037,0.0855,0.0045,168,74.3,0.0164,0.0016,0.0991,113,0.547,20.6,0.0204,0.0151,0.0927,0.857,4.21,0.23,0.0661,7.29,0.581,0.0782,222,0.0129,0.263,0.41,2.42,188,0.0119,0.0122,0.0652,26.5,0.834,0.013,63.2,3.25,1.41,51.9,0.0096,53.5,22.9,1.77,5.45,0.158,0.313,863,36.1,0.402,54.8,222,17.3,7.69,3.15,0.465,5.15,0.34,148,2.82,129,2.21,1.53,11,13.6,4.33,0.0103,11,1,1,100,2000,2000,100000,0,1,0.05,100000,0,100000,0,100000,0,100000,0,100000,0,100000,0,100000,0,100000,0,100000,0,100000,0,100000,0,100000,0,100000,0,100000,0,100000,0,100000,0,100000,0,100000,0,100000,0,100000,0,100000,0,100000,0,100000,0,100000,0
0.199,0.0565,652,242,804,194,0.301,65.8,9.91,297,0.0869,986,286,121,0.0259,185,15.5,81.8,8.38,29.2,0.0046,48.8,7.26,37,191,0.133,1.4,41.2,0.474,280,4.45,23.6,0.479,63,22.1,1.54,0.0172,2.43,90.2,859,0.0807,0.238,0.0176,0.08,1.23,19.7,0.186,0.259,0.425,0.0017,0,336,0.0918,220,17.1,0.0904,9.77,760,603,32.5,0.437,622,9.66,9.57,92.3,2.28,10.5,32.4,202,18.7,10.4,3.3,14.2,2.83,398,0.883,0.334,1.99,748,944,0.0029,929,0.266,0.0416,0.525,84.9,0.244,0.242,0.861,5.94,0.0022,136,0.0041,0.504,0.002,0.726,0.303,841,26.5,1.76,0.0047,0.0116,0.0145,4.49,522,0.0127,167,826,13.8,9.33,127,7.33,0.334,3.12,19.2,0.432,0.109,0.0766,3.71,0.458,45.2,0.0233,30.9,15.5,4.88,0.0083,175,0.897,546,0.962,1.07,0.802,1.04,21.7,10.4,0.2,0.785,1.46,238,0.0049,21,1,1,100,2000,2000,100000,0,1,0.05,100000,0,100000,0,100000,0,100000,0,100000,0,100000,0,100000,0,100000,0,100000,0,100000,0,100000,0,100000,0,100000,0,100000,0,100000,0,100000,0,100000,0,100000,0,100000,0,100000,0,100000,0,100000,0,100000,0,100000,0
0.199,0.0348,3.99,0.0092,7.73,0.208,370,0.0612,0.0019,2.75,0.519,181,9.51,3.15,0.0107,681,0.005,0.0022,42,209,364,0.187,416,56.8,537,0.434,25.8,0.0237,1.67,548,208,24.2,906,1.46,0.0183,21.8,2.22,345,710,83.4,0.0116,61.2,23.4,0.0093,12.2,322,32.6,185,0.0579,0.728,0,535,0.121,638,0.111,22.9,0.234,0.158,762,61.7,512,126,13.7,381,0.0203,26.9,0.0411,0.625,0.461,43.1,0.0181,787,4.11,0.689,42.8,0.159,0.959,2.72,1.14,103,0.277,111,0.275,83.6,0.275,0.0183,0.321,0.319,621,1.21,0.0074,18.1,431,857,8.85,5.08,26,916,574,12.2,0.0104,838,1.99,2.64,1.35,984,5.13,0.0056,0.024,143,204,0.0807,23.3,6.64,29.5,2.69,212,0.0067,45.2,391,175,3.06,61.5,0.117,0.714,478,93.3,748,962,617,0.0015,0.646,174,931,5.62,71.9,366,41.3,0.0382,0.553,3.64,1,1,100,2000,2000,100000,0,1,0.05,100000,0,100000,0,100000,0,100000,0,100000,0,100000,0,100000,0,100000,0,100000,0,100000,0,100000,0,100000,0,100000,0,100000,0,100000,0,100000,0,100000,0,100000,0,100000,0,100000,0,100000,0,100000,0,100000,0,100000,0
0.199,25.5,0.0794,0.0304,3.78,13.3,29,114,6,303,0.473,88.7,138,2.4,0.0155,0.0162,0.0817,9.59,0.255,49.4,94.6,0.182,147,964,22.9,256,394,7.8,13.5,2.07,232,736,456,9.38,20.7,3.91,0.0413,0.0783,10.6,0.0863,7.41,3.06,0.0402,1.9,277,0.935,764,0.2,0.0141,0.0406,0,228,1.18,1.63,32.9,14.1,0.0309,10.7,0.0035,171,0.006,0.0061,292,163,35.7,0.571,977,279,112,0.0643,746,369,120,875,662,0.0345,0.246,4.47,1.22,42.4,0.551,3.48,273,3.48,489,4.65,84.1,31.3,0.0105,634,0.881,0.0034,6.4,0.532,1.82,473,0.0334,15.5,681,0.425,2.4,0.0373,445,9.59,0.0061,0.0596,16.3,5.55,31.9,199,0.0028,0.0361,7.33,19.3,0.0839,0.512,4.22,0.0051,0.556,1.23,112,0.0497,0.0977,0.13,60.3,0.871,0.0115,3.3,0.574,4.56,1.39,11.2,783,0.0045,50.2,136,2.62,424,0.0325,3.13,857,1,1,100,2000,2000,100000,0,1,0.05,100000,0,100000,0,100000,0,100000,0,100000,0,100000,0,100000,0,100000,0,100000,0,100000,0,100000,0,100000,0,100000,0,100000,0,100000,0,100000,0,100000,0,100000,0,100000,0,100000,0,100000,0,100000,0,100000,0,100000,0
0.199,404,0.695,89.3,0.0349,0.0028,4.73,3.01,502,0.0687,0.168,975,0.0018,0.731,0.1,721,9.2,52.8,0.028,0.11,0.106,0.259,0.0275,1.21,0.0315,0.2,4.89,1.5,26.3,0.971,2.13,2.7,1.08,0.013,1.46,173,461,0.461,0.0092,0.0201,0.169,57.3,48.2,13.3,335,760,0.289,0.275,619,93.5,0,991,35.7,24.4,832,2.37,27.2,1.58,80.9,780,1.32,857,955,76.6,32.1,2.4,0.0793,78.5,87.3,0.105,975,0.0159,237,5.04,1.92,132,0.0178,475,991,0.108,0.22,0.0351,0.703,2.35,0.0149,0.0023,466,146,0.383,0.0018,2.38,2.31,4.74,9.84,2.22,0.0086,188,0.611,6.79,156,0.136,194,33.7,0.105,0.0268,0.0145,76.7,62.4,36.2,582,0.0838,28.2,1.5,0.0226,177,314,675,171,0.0923,33.1,869,0.0197,17.1,0.175,442,1.39,0.0118,26.9,5.06,3.48,0.577,4.37,0.142,132,337,0.0015,0.759,0.0064,8.04,1.77,0.315,1,1,100,2000,2000,100000,0,1,0.05,100000,0,100000,0,100000,0,100000,0,100000,0,100000,0,100000,0,100000,0,100000,0,100000,0,100000,0,100000,0,100000,0,100000,0,100000,0,100000,0,100000,0,100000,0,100000,0,100000,0,100000,0,100000,0,100000,0,100000,0
0.2,524,4.1,0.0231,13.7,84.9,0.21,5.21,33.3,15.7,0.137,288,23.5,2.59,0.31,0.783,0.0237,138,0.002,4.78,0.0746,13.7,1.7,0.951,2.08,339,0.566,479,265,19.6,131,0.71,0.348,4.56,4,3.61,0.871,0.0089,0.0617,6.71,0.0023,0.0571,2.52,275,236,152,0.658,0.0306,1.72,342,0,70.1,2.39,0.0946,0.0169,0.802,6.32,0.0247,0.0551,26.8,0.0024,0.0084,394,11,21.5,3.23,0.0351,851,31.5,1.66,43.9,12.7,0.0066,0.0054,0.234,0.0598,0.0211,0.902,0.0488,0.0056,0.766,18.7,229,0.0293,0.003,0.0046,47.1,24,95.1,298,1.73,281,0.204,0.923,0.045,295,0.516,143,1.14,60,2.09,0.24,101,0.0245,129,670,52.2,0.0139,0.171,0.381,0.0222,0.0087,37.4,0.0887,0.0206,84.9,731,133,0.0019,7.91,159,891,107,0.161,0.0039,26.3,3.22,0.0189,125,458,0.177,59.4,3.12,0.219,3.72,41,0.246,558,10.7,0.0226,0.295,1,1,100,2000,2000,100000,0,1,0.05,100000,0,100000,0,100000,0,100000,0,100000,0,100000,0,100000,0,100000,0,100000,0,100000,0,100000,0,100000,0,100000,0,100000,0,100000,0,100000,0,100000,0,100000,0,100000,0,100000,0,100000,0,100000,0,100000,0,100000,0
0.2,0.0011,0.541,0.0223,34.7,0.042,3.54,675,0.0084,0.0942,0.105,8.97,67.5,0.01,4.9,51.5,0.286,53.2,0.0344,9.55,365,0.145,0.127,85.1,778,0.209,760,0.0022,0.0502,0.0962,628,0.0284,4.52,811,0.352,0.0457,3.04,109,0.0119,0.0664,200,0.139,0.738,828,7.94,0.0918,39.9,0.0378,47.9,0.0114,0,178,7.08,0.0044,782,6.08,32.3,0.0059,1.9,15.3,0.822,465,3.41,82.8,617,462,132,12.5,0.0701,217,0.796,34.6,7.5,1.78,25.8,183,163,62.7,0.0664,0.0149,1.75,0.0307,0.0473,687,2.6,33.9,22.2,154,1.03,8.97,1.41,21.7,1.45,10,0.022,0.0027,134,0.0104,195,251,0.0254,425,519,0.542,931,1.15,45.9,7.52,2.65,0.0782,190,2.31,65.6,0.0798,1.01,0.118,0.139,152,205,20.5,9.42,7.73,40,83,0.381,3.66,0.0102,0.0056,0.675,0.498,0.1,56.2,1.58,435,0.0196,20.5,897,288,12.1,0.182,0.022,1,1,100,2000,2000,100000,0,1,0.05,100000,0,100000,0,100000,0,100000,0,100000,0,100000,0,100000,0,100000,0,100000,0,100000,0,100000,0,100000,0,100000,0,100000,0,100000,0,100000,0,100000,0,100000,0,100000,0,100000,0,100000,0,100000,0,100000,0,100000,0
0.2,169,190,3.94,14.5,35.7,21.6,163,6.05,13.4,0.279,106,434,0.0269,0.285,3.15,0.506,0.0176,2.35,0.805,0.119,5.7,0.156,8.53,385,210,8.45,61.1,0.59,0.378,414,73.5,21.7,9.25,741,403,0.116,76.9,0.197,0.252,3.93,0.102,0.0309,8.69,0.0354,20.7,0.0474,0.0015,1.68,0.132,0,28.2,209,0.002,12,500,18.9,0.0064,351,0.009,1.63,2.63,105,18.5,0.242,0.311,719,0.0016,0.0334,6.56,75,223,0.161,0.016,0.0206,6.43,583,3.42,0.0154,0.036,0.0049,47.2,329,129,7.06,15.2,0.0689,0.0011,35.7,10.5,14.7,0.354,17.7,173,492,0.36,0.385,813,301,0.0234,0.0071,37.2,533,1.03,26.1,769,191,8.61,1.81,6.64,216,0.025,9.12,116,129,79.1,0.133,0.321,7.98,0.01,70.3,986,6.27,0.165,752,0.0265,1.47,298,189,789,1.45,277,0.0916,3.37,46.1,0.0078,0.0441,2.35,474,27.6,0.0571,1,1,100,2000,2000,100000,0,1,0.05,100000,0,100000,0,100000,0,100000,0,100000,0,100000,0,100000,0,100000,0,100000,0,100000,0,100000,0,100000,0,100000,0,100000,0,100000,0,100000,0,100000,0,100000,0,100000,0,100000,0,100000,0,100000,0,100000,0,100000,0
0.2,0.241,10.9,92.9,6.28,836,2.86,273,43.2,25.2,0.0048,0.0586,752,0.0014,0.255,0.0485,0.0069,205,0.147,0.306,0.0022,9.64,0.0617,317,296,2.88,23.3,0.948,107,23.4,13.8,0.869,0.216,28.4,1.33,5.47,1.36,0.0108,7.53,0.0014,0.0011,0.0481,0.0083,0.0016,501,0.843,22.5,0.0619,0.056,0.021,0,2.4,0.0038,0.492,695,0.169,0.0011,0.146,0.252,289,2.19,13.6,123,153,1.39,16,0.0093,76,525,34.9,0.0211,82.4,0.0022,17.8,451,50.2,0.0038,0.0056,458,0.0893,0.0175,143,86.5,0.0032,228,12.7,292,0.193,0.176,0.0032,95.5,150,2.08,2.59,3.31,0.0048,0.494,0.0153,1.63,0.0165,0.628,750,137,0.0383,0.0357,46.5,0.408,6.76,11.6,964,0.0348,266,5.5,867,0.0073,164,0.353,0.199,25.6,0.0153,2.24,0.251,243,0.272,0.149,655,0.26,1.25,7.29,9.79,3.68,2.42,7.82,2.81,11,10.3,0.0103,122,621,0.232,9.04,1,1,100,2000,2000,100000,0,1,0.05,100000,0,100000,0,100000,0,100000,0,100000,0,100000,0,100000,0,100000,0,100000,0,100000,0,100000,0,100000,0,100000,0,100000,0,100000,0,100000,0,100000,0,100000,0,100000,0,100000,0,100000,0,100000,0,100000,0,100000,0
0.2,3.41,0.153,0.002,257,773,0.046,873,0.28,0.0163,1.77,0.0718,787,6.59,0.006,232,209,0.126,0.0118,0.313,1.07,55.5,0.214,14.2,5.11,10.9,49.7,920,2.23,1.81,289,2.03,5.2,2.4,0.125,520,44.6,766,966,1.78,0.0012,1.43,0.0023,216,24.6,16.9,0.0098,0.059,793,0.0086,0,3.45,0.332,4.22,60.1,15.2,0.316,0.016,0.773,0.0156,0.0415,0.0998,0.168,6.7,11.4,548,918,0.0484,286,38.4,0.682,13,68.9,189,0.0096,0.419,832,0.0607,0.0916,45.5,0.0771,0.024,125,0.009,0.167,667,0.0064,0.418,0.398,0.614,0.891,0.0103,0.349,2.01,10.6,11.8,1.62,340,0.134,0.0134,1.75,9.06,2.42,0.177,42.1,507,3.19,24.7,998,971,0.0018,0.0679,0.218,0.0314,0.0108,0.0042,1.57,0.0022,935,4.12,17.6,11,0.207,0.0098,1.94,29.6,1.9,0.0305,24.4,321,0.0019,0.906,135,0.174,143,1.25,0.212,136,56.5,0.0292,406,1,1,100,2000,2000,100000,0,1,0.05,100000,0,100000,0,100000,0,100000,0,100000,0,100000,0,100000,0,100000,0,100000,0,100000,0,100000,0,100000,0,100000,0,100000,0,100000,0,100000,0,100000,0,100000,0,100000,0,100000,0,100000,0,100000,0,100000,0,100000,0
0.2,0.133,0.0022,97.7,0.867,631,0.0363,139,7.8,60.3,0.0075,0.0811,0.0025,0.259,29.9,0.0182,891,458,470,3.66,0.217,0.339,1.11,665,382,681,0.0091,0.0024,0.067,1.39,0.294,392,0.263,8.71,20.8,212,333,0.0555,19.5,0.156,0.0017,2.55,0.0023,678,83.2,0.394,0.0292,6.28,9.64,746,0,861,1.2,11.1,22.4,117,993,0.0021,986,582,164,729,0.486,3.99,0.0027,5.38,0.11,0.0516,0.0026,29,63.8,10.4,826,0.175,6.46,0.408,428,15.8,6.79,0.192,0.0815,53.8,454,2.04,0.0275,986,0.441,0.304,0.0019,0.0459,853,0.0622,7.73,372,0.306,114,0.0131,0.0433,1.86,2.36,232,0.233,912,84.9,3.8,423,25.2,1.21,191,418,0.0017,290,24.7,119,144,0.0048,1.13,0.0378,0.309,288,111,2.7,0.145,881,0.0708,185,4.42,0.718,0.547,32.5,0.476,0.302,0.0022,52.5,220,64.6,209,0.327,57.3,0.0249,3.53,1,1,100,2000,2000,100000,0,1,0.05,100000,0,100000,0,100000,0,100000,0,100000,0,100000,0,100000,0,100000,0,100000,0,100000,0,100000,0,100000,0,100000,0,100000,0,100000,0,100000,0,100000,0,100000,0,100000,0,100000,0,100000,0,100000,0,100000,0,100000,0
0.2,18.9,34.4,0.836,804,0.0624,0.491,2.29,0.213,15.6,47.1,726,155,6.47,95.1,550,136,192,0.0731,0.824,3.21,1.92,0.578,16.4,1.52,387,95.5,0.0032,1.14,590,280,0.0457,0.416,546,0.0038,1.43,6.31,0.137,1.69,0.0086,0.0034,0.0037,0.0042,21.1,4.08,6.68,0.769,0.174,435,267,0,189,0.0068,16.1,11.5,34.4,247,0.387,0.0021,551,1.73,0.887,30,76.6,19.7,755,0.0023,0.605,67.5,0.0494,0.519,0.143,0.26,0.0021,14.6,3.85,3.17,0.708,59.3,590,0.15,0.0076,202,22.9,145,0.0025,176,210,9.35,940,98.6,0.0923,632,7.6,14.1,167,0.24,558,238,8.15,0.445,0.412,1.66,0.134,214,35.8,17.9,0.321,340,333,0.252,63.4,789,0.0092,7.96,1.78,0.0753,0.0059,0.0738,60.8,131,0.407,0.151,998,1,6.32,51.1,50.1,15.3,0.822,4.08,247,805,182,0.32,0.181,0.0161,229,19.7,0.048,0.0381,1,1,100,2000,2000,100000,0,1,0.05,100000,0,100000,0,100000,0,100000,0,100000,0,100000,0,100000,0,100000,0,100000,0,100000,0,100000,0,100000,0,100000,0,100000,0,100000,0,100000,0,100000,0,100000,0,100000,0,100000,0,100000,0,100000,0,100000,0,100000,0
0.2,157,0.0259,0.16,10.9,10.8,369,177,5.47,210,0.0133,887,374,3.08,2.54,7.23,841,679,0.0325,0.0201,0.0035,1.29,0.0975,0.0029,0.0247,162,0.757,0.0025,40.5,428,231,0.0015,0.0179,1.07,138,128,276,115,4.12,0.0194,42.5,0.231,0.0454,0.0824,0.0035,279,0.45,0.01,63.8,1.44,0,30.4,3.01,0.406,625,199,21.7,53.3,1.06,0.0122,124,6.49,318,3.86,107,33.9,38.1,0.0164,4.51,0.187,1.51,122,0.316,16.4,89.9,136,0.0029,1,28.9,0.0012,27.3,0.071,0.028,516,20.5,33.3,412,0.183,0.0545,8.93,6.82,0.238,0.0935,0.122,1.16,1.35,101,0.319,1.75,867,1.19,811,142,0.119,44.4,0.308,0.817,0.0164,13.4,711,59.4,13,0.255,0.0161,0.649,0.124,75.7,10.2,24.8,2.75,122,82.6,0.0278,96.8,0.382,64.9,85.9,19.3,533,3.55,264,15.2,912,0.0025,3.95,0.218,622,0.0019,36.8,0.388,10.7,1,1,100,2000,2000,100000,0,1,0.05,100000,0,100000,0,100000,0,100000,0,100000,0,100000,0,100000,0,100000,0,100000,0,100000,0,100000,0,100000,0,100000,0,100000,0,100000,0,100000,0,100000,0,100000,0,100000,0,100000,0,100000,0,100000,0,100000,0,100000,0
0.201,0.887,3.08,249,0.569,268,0.0434,187,0.119,8.57,3.28,0.124,1000,30.1,1000,189,0.632,0.0528,0.235,1.67,78.7,497,19.3,17.3,449,0.422,0.0933,15.9,3.98,0.19,33.4,10.9,1.08,4.92,337,3.35,0.155,0.0574,14.2,0.0155,15.8,0.0036,0.0258,84.9,971,0.167,0.0861,493,521,0.0152,0,230,0.0671,1.27,0.0656,0.982,24.6,200,0.0042,5.28,267,0.0111,0.0432,19.6,11.3,2.75,728,53.6,191,0.0205,0.592,251,62.1,1.06,9.33,938,0.0011,76,7.98,0.0355,0.0122,205,0.0612,457,0.738,141,0.0095,0.0016,40.8,4.89,0.318,0.169,796,582,518,822,0.0718,40.4,948,24.2,2.21,0.0991,337,895,126,0.0282,4.14,0.0085,948,0.187,26.4,0.0032,0.195,49.5,200,110,18,685,0.0051,0.0034,1.97,0.502,0.925,0.147,824,62.2,0.0136,644,3.75,0.0479,95.5,0.448,32.7,69.3,0.208,0.0061,30.8,0.0064,708,0.0372,0.0014,1,1,100,2000,2000,100000,0,1,0.05,100000,0,100000,0,100000,0,100000,0,100000,0,100000,0,100000,0,100000,0,100000,0,100000,0,100000,0,100000,0,100000,0,100000,0,100000,0,100000,0,100000,0,100000,0,100000,0,100000,0,100000,0,100000,0,100000,0,100000,0
0.202,305,480,3.43,107,2.4,1.24,773,1.39,58.6,0.973,52.7,0.0482,0.0202,0.0411,26.3,0.0267,0.416,0.1,195,30.9,0.0142,0.02,0.129,1.01,7.24,1.03,0.272,0.185,1.57,36,108,5.28,0.112,0.0526,282,6.05,108,223,0.274,22.4,2.56,681,0.0942,2.81,0.0016,1.9,0.0497,596,4.49,0,41.6,855,63,0.016,0.589,7.23,2.68,918,394,530,313,235,296,0.356,12.2,0.0337,0.004,0.0575,0.114,5.82,0.172,3.11,1.83,237,5.32,2.07,1.55,11.5,4.65,0.196,0.0039,0.0039,2.01,0.0066,899,266,5.68,6.75,5.11,0.457,0.628,2.12,303,4.88,0.0018,0.337,0.0026,0.0695,8.63,0.0596,245,989,2.28,2.59,12,2.91,0.408,14,2.34,0.0391,0.845,330,2.75,59.7,0.199,467,12.2,0.0279,0.953,0.0586,95.5,0.0239,1.46,0.0041,5.25,382,205,14,238,365,0.0975,3.86,0.678,8.53,13.5,12.9,0.0656,9.66,0.0286,0.0015,1,1,100,2000,2000,100000,0,1,0.05,100000,0,100000,0,100000,0,100000,0,100000,0,100000,0,100000,0,100000,0,100000,0,100000,0,100000,0,100000,0,100000,0,100000,0,100000,0,100000,0,100000,0,100000,0,100000,0,100000,0,100000,0,100000,0,100000,0,100000,0
0.207,1.04,8.15,0.0923,12.1,14.1,181,18.2,2.57,36.4,0.0012,815,252,10.7,3.76,21.4,0.0317,855,0.0923,26.1,0.0085,0.679,0.0032,0.637,448,0.196,6.79,0.212,0.155,0.929,0.769,0.0402,12,0.817,20.5,19.5,15.7,31.5,22.6,0.0161,223,5.98,0.005,0.0025,152,279,248,0.228,55.1,0.0073,0,23.6,6.95,0.0019,8.13,3.49,0.638,3.78,441,0.258,0.0287,0.0014,13.8,780,0.0093,2.82,0.273,908,0.42,0.168,0.251,0.35,1.56,0.0938,150,5.05,8.34,6,21.3,2.84,47.3,0.541,0.0769,6.28,105,0.104,989,0.0501,0.107,74.5,0.887,0.0017,36.4,164,0.0209,2.31,117,618,0.0096,5.45,0.0022,251,951,395,7.13,0.0108,0.389,0.562,24.8,5.7,0.0048,0.993,0.214,0.119,0.63,0.986,2.97,291,34.1,813,251,0.0034,323,85.1,0.0163,0.673,27,0.0424,0.0998,2.69,1.38,1.71,0.565,47.5,0.296,0.0249,26.1,51.3,21.9,0.26,0.836,1,1,100,2000,2000,100000,0,1,0.05,100000,0,100000,0,100000,0,100000,0,100000,0,100000,0,100000,0,100000,0,100000,0,100000,0,100000,0,100000,0,100000,0,100000,0,100000,0,100000,0,100000,0,100000,0,100000,0,100000,0,100000,0,100000,0,100000,0,100000,0
0.207,0.0058,7.89,1.07,635,2.65,0.0122,0.697,10,0.473,0.012,4.29,0.139,0.0049,0.1,144,592,0.356,0.0205,33,0.0012,647,200,7.41,507,299,7.16,8.61,0.254,0.466,855,269,0.394,10.4,0.179,26.2,0.0078,0.0215,0.0845,0.129,233,0.0659,2.88,0.0479,1.18,0.0726,0.0014,30.5,1.73,0.556,0,318,34.5,26.7,0.321,276,0.614,0.385,13.4,0.0028,218,33.7,9.02,77.1,77.4,993,217,977,8.24,2.61,0.0012,902,0.0957,8.91,0.543,0.201,0.116,465,0.0232,21.3,111,64.3,953,46,2.97,0.121,198,146,145,254,0.0252,0.743,0.163,0.811,1.13,11.2,353,0.0832,81.3,171,29,87.5,272,0.0098,34.7,13.2,0.0624,0.0299,392,3.03,35.9,800,1.63,535,0.0154,43,0.0468,0.299,46.7,152,0.359,0.134,25.1,1.15,0.215,108,0.0156,501,593,9.35,238,676,0.293,36.1,0.366,0.0029,9.46,2.28,6.44,0.208,0.028,1,1,100,2000,2000,100000,0,1,0.05,100000,0,100000,0,100000,0,100000,0,100000,0,100000,0,100000,0,100000,0,100000,0,100000,0,100000,0,100000,0,100000,0,100000,0,100000,0,100000,0,100000,0,100000,0,100000,0,100000,0,100000,0,100000,0,100000,0,100000,0
0.207,3.47,971,684,891,27,0.0109,242,3.63,122,3.08,641,0.274,0.241,0.228,438,71.1,627,635,723,67.9,0.106,0.573,15,31.3,308,23.7,0.174,5.4,36.2,104,0.272,0.0357,6.71,0.359,39.8,1.1,1.44,6.61,3.94,0.501,11.5,0.545,820,0.0982,0.22,0.301,0.598,408,667,0,804,1.04,807,9.84,5.9,20.4,21.3,315,0.0084,230,0.19,309,5.68,0.914,0.031,516,0.0012,0.0794,0.0071,9.95,360,1.19,296,160,5.35,9.86,148,0.635,0.0729,0.0352,54.6,533,767,0.0193,0.0038,164,31.1,0.774,30.6,16.6,0.0069,5.79,530,0.183,29.6,5.87,11.4,0.0406,3.2,0.979,262,0.295,267,1.09,106,8.22,0.23,342,0.0038,0.288,259,399,652,771,198,269,0.318,0.0265,0.0347,501,43.8,964,3.22,0.711,1.41,352,0.385,1.73,34.4,151,0.009,2.72,114,28.1,0.0133,0.91,84.1,118,5.36,1.35,1,1,100,2000,2000,100000,0,1,0.05,100000,0,100000,0,100000,0,100000,0,100000,0,100000,0,100000,0,100000,0,100000,0,100000,0,100000,0,100000,0,100000,0,100000,0,100000,0,100000,0,100000,0,100000,0,100000,0,100000,0,100000,0,100000,0,100000,0,100000,0
0.209,1.21,938,1.2,0.248,0.295,0.0655,959,27.7,262,8.18,4.59,0.865,0.0461,83.6,343,7.62,0.167,9.48,70.8,0.179,4.18,3,14.2,234,12.7,79.3,0.681,263,0.242,24,31.7,0.251,19,270,270,0.0592,0.685,5.74,1.88,0.0209,13.9,0.776,389,0.179,356,3.94,192,1.14,0.0863,0,217,42.4,16.4,30.8,225,0.0107,210,24.8,0.031,116,0.235,81.8,589,12.9,3.78,0.0512,121,0.0091,885,0.0207,12.9,175,179,0.188,152,701,0.0041,0.0057,0.955,0.0056,4.42,0.0023,0.177,64.9,0.0027,0.0078,506,150,137,0.451,0.0013,0.274,971,90.8,3.57,0.011,0.0231,619,0.0201,0.0147,664,8.97,1.79,3.86,1.21,533,1.57,23.6,53.1,226,61.8,340,163,97.5,39.3,124,0.0096,0.0789,1.54,90.6,0.0082,9.55,36,156,0.71,0.122,0.0207,332,128,0.277,30.2,92.3,1.79,1.71,0.183,394,0.0499,0.0361,0.0222,0.203,1,1,100,2000,2000,100000,0,1,0.05,100000,0,100000,0,100000,0,100000,0,100000,0,100000,0,100000,0,100000,0,100000,0,100000,0,100000,0,100000,0,100000,0,100000,0,100000,0,100000,0,100000,0,100000,0,100000,0,100000,0,100000,0,100000,0,100000,0,100000,0
